model,artist_label_id,candidate_event_count_before_leakage_filter,leakage_excluded_event_count,leakage_safe_event_count,predicted_event_count,end_to_end_event_coverage,metric_status,top1_accuracy,top3_accuracy,top5_accuracy,mrr
global_frequency,ALBL-0261b0368c5af1b8ccdaeccbab00785624e008ac644429d8d84947f16a8e1246,31,0,31,31,1.0,reported,0.193548,0.387097,0.387097,0.348136
global_frequency,ALBL-05027a559ca8274e1af58649dead83910cf96e6bbae590d148a5efe5010ede07,156,3,153,153,0.9807692307692307,reported,0.071895,0.372549,0.542484,0.299699
global_frequency,ALBL-05fe1effba76833f120b714fd0141df46b7970d83c822c8a91201585ff6bb5ea,31,0,31,31,1.0,reported,0.032258,0.258065,0.322581,0.202687
global_frequency,ALBL-0828f126ccf0c88bdf414c410611374063d1ab6c756389b0c253efbbab6dcd4d,478,12,466,466,0.9748953974895398,reported,0.145923,0.238197,0.429185,0.285527
global_frequency,ALBL-0929cce7f34a4cdb493f568ffaa9af65e0d1e65bd213ca7ccc8238383301f5d9,188,3,185,185,0.9840425531914894,reported,0.340541,0.486486,0.583784,0.473153
global_frequency,ALBL-0a1a532fbfe9b4e01ba4d08dc1af1a73c305efb613a891a1b1339cbc2ef41bdc,194,3,191,191,0.9845360824742269,reported,0.141361,0.204188,0.387435,0.2779
global_frequency,ALBL-0b0fe4f2cc23badddb1c1ebb33c22cc45c6f41924b2d4b3172d8625fc7f6e4b2,337,4,333,333,0.9881305637982196,reported,0.123123,0.225225,0.33033,0.260439
global_frequency,ALBL-0b85ce543a1bd0918047e0b04b3122ff8c8ac71a59f415e4b7185b7267f32139,112,3,109,109,0.9732142857142857,reported,0.018349,0.266055,0.440367,0.214853
global_frequency,ALBL-0c1cbb0aa0ebc67715d27ebbaf942ec5de9ebbfedcb37cbdbf03fba067fee404,150,0,150,150,1.0,reported,0.226667,0.433333,0.58,0.392862
global_frequency,ALBL-0d10d90fcd6f9613167e94880a655155a1e2d6351e228824fcf59988dfbdd8f6,337,49,288,288,0.8545994065281899,reported,0.09375,0.277778,0.458333,0.274479
global_frequency,ALBL-0e0e8e661f2739ca41959d3626f404f85140a2cbdc6d8ed229931879550ab46e,244,2,242,242,0.9918032786885246,reported,0.214876,0.417355,0.570248,0.383841
global_frequency,ALBL-0fad1a0628b44667e6d7ea5400c1265783ad07b0e8a6f5e211f741bc5456eff8,297,46,251,251,0.8451178451178452,reported,0.175299,0.334661,0.537849,0.332553
global_frequency,ALBL-1136c276f991eb3cba877aef2044b57a9b940feb6a4d3695540916113c5aafd5,61,6,55,55,0.9016393442622951,reported,0.145455,0.309091,0.345455,0.306885
global_frequency,ALBL-11f90a8c55fbe0699911c1c19ab4046d0a93a992a97ac914cf60449351307a39,193,2,191,191,0.9896373056994818,reported,0.146597,0.277487,0.413613,0.296435
global_frequency,ALBL-1347d8cb47ac4267756940fe68d3c6c4fc79c584d4f4a8b7761c7981696c39c2,132,1,131,131,0.9924242424242424,reported,0.145038,0.267176,0.374046,0.279131
global_frequency,ALBL-1753897f8c66389b862ec914699598c03d64c509e330ce87a7421c9325a0ac9f,145,1,144,144,0.993103448275862,reported,0.048611,0.229167,0.340278,0.229221
global_frequency,ALBL-17684bc3770d1aec5c2bd652a8807086eae2d17921537773d7065a03fe954aab,93,1,92,92,0.989247311827957,reported,0.054348,0.184783,0.434783,0.233193
global_frequency,ALBL-17a705471f9603aa36a32eccd5a72e57b03ee08200a8ee9b075466924284be0d,98,7,91,91,0.9285714285714286,reported,0.21978,0.362637,0.56044,0.352908
global_frequency,ALBL-1966ab7fbcd7e029e5d23d46e16dd169141761a81c9ccb7ad58233a524454fd5,19,16,3,3,0.15789473684210525,suppressed_below_20_events,,,,
global_frequency,ALBL-1977978993b2949e4425ba3d1e00a27af4ff44e6123be893f0fff6439f76e7e3,483,59,424,424,0.8778467908902692,reported,0.183962,0.341981,0.476415,0.333448
global_frequency,ALBL-19be539ea558fbcef5a22605c16c9872520ccad409f3e1624e7105b28a7760cb,25,0,25,25,1.0,reported,0.08,0.16,0.36,0.224147
global_frequency,ALBL-19e6d081ff62ae40b3e88e22cef1e5d0ec872a8e6f3866590efc6d45eb909d16,126,0,126,126,1.0,reported,0.079365,0.285714,0.420635,0.250935
global_frequency,ALBL-1a992211d5b1262263ca23d60bf8d7103e1eba254b60f9e0e0a05617ae61dc4f,147,0,147,147,1.0,reported,0.115646,0.346939,0.428571,0.300699
global_frequency,ALBL-1c521aa5918a7c228d52dd39e33749ac1ed6902f61bfed0d6daaa3c3adfc4357,328,57,271,271,0.8262195121951219,reported,0.140221,0.302583,0.516605,0.31426
global_frequency,ALBL-1f58a6ffe8bece560a2d7cd3f95b1c5fedac73381c77a301c279e6c79036b7f0,68,0,68,68,1.0,reported,0.235294,0.647059,0.691176,0.479937
global_frequency,ALBL-1f7fed06b8efb360d17055fb5863e54d09a25560e048c3bf2ee01153da3c93c4,205,0,205,205,1.0,reported,0.136585,0.282927,0.360976,0.295196
global_frequency,ALBL-23cc9ad5656ade82d0585fba15746eec8fbcbb8ecbcd883d7fc885d404d1478b,26,0,26,26,1.0,reported,0.076923,0.423077,0.615385,0.312081
global_frequency,ALBL-247a321492792bdb57c32c163643edba2d15422f23a86af468d8f0bfb5c89077,262,2,260,260,0.9923664122137404,reported,0.076923,0.319231,0.488462,0.278871
global_frequency,ALBL-24ab2db65ff01b86f7df8f18130ad4db0b5a038f7c40263e75fb0b0dc7213232,70,0,70,70,1.0,reported,0.214286,0.257143,0.5,0.338819
global_frequency,ALBL-24b00b86757b8524f811b193bdeb83ef1329a0c57055807a6ded111fa42e68f3,139,5,134,134,0.9640287769784173,reported,0.126866,0.253731,0.328358,0.273899
global_frequency,ALBL-255b39be5ec120d92543e4e21dc87011282877c2b9e48c00579662e497eb22d4,64,1,63,63,0.984375,reported,0.222222,0.539683,0.666667,0.426119
global_frequency,ALBL-275cbdad252f54c6748319f45ee0a8a3135340327f40dfd3f83e5b261bcad5df,93,0,93,93,1.0,reported,0.086022,0.397849,0.526882,0.295452
global_frequency,ALBL-275d6c06b34fc1ede399aff72db03e76929b074ec212f94453d28ff922f95804,264,1,263,263,0.9962121212121212,reported,0.258555,0.456274,0.596958,0.420305
global_frequency,ALBL-2807b98ea33a2a358a5e75262d1634d94c6402340cb7f15b88794a34f694ba24,158,33,125,125,0.7911392405063291,reported,0.192,0.36,0.4,0.333832
global_frequency,ALBL-284f21f38fb89fffc6231f1c8e4e864ddfb421bed3792bc18e665896dd0864c9,260,96,164,164,0.6307692307692307,reported,0.128049,0.341463,0.396341,0.302425
global_frequency,ALBL-2af009abc260058ed488c3cc5bd979e4028fa2b64a389c66f06c6ef5e8743d9a,249,1,248,248,0.9959839357429718,reported,0.237903,0.330645,0.467742,0.36918
global_frequency,ALBL-2b47111c3ae429f7fd49243653f4b70387bf44642bbb3d8c30fd5cc8b8063b34,171,0,171,171,1.0,reported,0.22807,0.263158,0.374269,0.341172
global_frequency,ALBL-2c0d33cebcdf6b69c4dbde5486faeab809292ba09e1c547ffa0bffdbf69312ac,215,1,214,214,0.9953488372093023,reported,0.116822,0.359813,0.579439,0.326545
global_frequency,ALBL-2c4757a584ada65232fd4e1061bb867f3e2341823f769a11a3ad84438bfe03a6,27,0,27,27,1.0,reported,0.222222,0.518519,0.518519,0.414724
global_frequency,ALBL-2c8bc6640d674fb0494ab3a0352bfacdd7243a34c724124ee036737fd0d39b2d,128,2,126,126,0.984375,reported,0.079365,0.380952,0.5,0.298677
global_frequency,ALBL-2cd7183a0cf674ea30188d5d0032a7ba17c2775bd7ee862325f9ed98d3d5ee1f,427,2,425,425,0.9953161592505855,reported,0.087059,0.282353,0.465882,0.268996
global_frequency,ALBL-2e810b55afb91280b967725073e8e9dee97ffc7e57519fa876a5eef1c60b2833,104,1,103,103,0.9903846153846154,reported,0.242718,0.563107,0.631068,0.457093
global_frequency,ALBL-2f8b2ec6bcd75a5e76215bbd5e2e95d25bed68c81acf7ea38f86e111ac5ced35,258,18,240,240,0.9302325581395349,reported,0.1125,0.325,0.391667,0.296619
global_frequency,ALBL-3031bd18d220db6520e49505d607f0577ab0291d63ca904ef8c75c6e35e6d3fc,256,1,255,255,0.99609375,reported,0.258824,0.298039,0.376471,0.361199
global_frequency,ALBL-30f7e60627845f9d0fd4aec317723f5156cbb07ff715a9b98385f64c558bd2fa,126,0,126,126,1.0,reported,0.190476,0.547619,0.642857,0.38517
global_frequency,ALBL-314c2bafd9ac4593acb1cd858e97edf4ad5631f78cb356ce14019e732aa2ae48,139,1,138,138,0.9928057553956835,reported,0.072464,0.217391,0.42029,0.231726
global_frequency,ALBL-33f39cebde978ce9aa6e4c3876032ec25f0e8d1871843f6f21ed6dd57e8d7d4a,221,26,195,195,0.8823529411764706,reported,0.071795,0.307692,0.348718,0.247252
global_frequency,ALBL-3516aca92330ace937d4d66d19489d317129d236c505c76c829d30f582c702ec,329,0,329,329,1.0,reported,0.191489,0.446809,0.56231,0.378757
global_frequency,ALBL-36142f7c7512775b0003e10735d3704a243836ce608ddce5ec55d2a9d3b46add,37,2,35,35,0.9459459459459459,reported,0.057143,0.228571,0.457143,0.236063
global_frequency,ALBL-36c9800bd02cf448b8d1cfd748568b7250020c76eac2b09be6443266d3246492,61,0,61,61,1.0,reported,0.344262,0.47541,0.491803,0.458886
global_frequency,ALBL-370cf8dec91c8c759d3d4eabfdc7f5c2fda07290e95e14f5731c2a18724159db,33,0,33,33,1.0,reported,0.090909,0.272727,0.545455,0.266508
global_frequency,ALBL-377b054a1f71b14c70428b5910256bbb843ebcec24665eff55383c467e7c9df7,328,6,322,322,0.9817073170731707,reported,0.186335,0.347826,0.400621,0.346653
global_frequency,ALBL-37f6eb87430a0b1d7a66bf0a89dab1ed85cf84803d73bee23b3b94e50f1a71be,135,0,135,135,1.0,reported,0.185185,0.296296,0.414815,0.32059
global_frequency,ALBL-37ff92a2c4a991915f72decba88e5b2eded6f8d585460ca3c198988ae1274572,291,4,287,287,0.9862542955326461,reported,0.041812,0.226481,0.376307,0.224179
global_frequency,ALBL-3aea2c0801f6f0a6142d4a1b36a638bf2b641a219dfd7ac90ea19346b4e1c1ea,29,0,29,29,1.0,reported,0.0,0.0,0.172414,0.151232
global_frequency,ALBL-3dab537bbce562a80504255944b4f84168fe4cdfe736c5f5569088ee394644b6,267,1,266,266,0.9962546816479401,reported,0.086466,0.338346,0.417293,0.263986
global_frequency,ALBL-3e8052851c5f2da0234ba405219252f0ffdf30904c8807e3dfdbe6d44d5b2ade,91,1,90,90,0.989010989010989,reported,0.177778,0.388889,0.533333,0.334904
global_frequency,ALBL-3ee93b4fbf1fe5935538066bfee5c8fc4d55b7308cfe1dbf78748e19528345f6,81,2,79,79,0.9753086419753086,reported,0.113924,0.35443,0.56962,0.309674
global_frequency,ALBL-3f8544460dad7df697f7b1dfe3ceb76f8ee9fee329dff53487a2ff31ae594765,372,2,370,370,0.9946236559139785,reported,0.237838,0.378378,0.497297,0.382263
global_frequency,ALBL-3ff74c075ec5c2e5728f2ff0bfb20cf17699329068612d45293b05554df57030,269,6,263,263,0.9776951672862454,reported,0.034221,0.239544,0.456274,0.230332
global_frequency,ALBL-410bedcb3af781aedd8b01993423c88b246553bed5edec02764821357bfb3ad5,0,0,0,0,0.0,no_leakage_safe_test_events,,,,
global_frequency,ALBL-416efb901b78e0dac353a88963abd0a86b5207467dd399395d3c77f99460a215,103,1,102,102,0.9902912621359223,reported,0.137255,0.588235,0.715686,0.414638
global_frequency,ALBL-4351325bff68d9ba2013f7254620f426c6d51a30ec2bb8dae4c1d2c8017071f4,281,1,280,280,0.99644128113879,reported,0.189286,0.314286,0.389286,0.333003
global_frequency,ALBL-449c15c13efcf3a854c22dfa004716e1293d43fb1853aea6c0bab03d10c4c10b,66,0,66,66,1.0,reported,0.333333,0.378788,0.484848,0.427676
global_frequency,ALBL-45fb690b1fa5ef0d23dbeb44ff194f49e6899ee138d850ccb0f8ca44cf44f801,113,0,113,113,1.0,reported,0.132743,0.256637,0.283186,0.270043
global_frequency,ALBL-4643ced8fed4e5f7ffe92d53e345a6e445386087a66e90051378e206de8a183f,224,2,222,222,0.9910714285714286,reported,0.175676,0.31982,0.513514,0.327851
global_frequency,ALBL-477d40bab9415c1e1fc116f4efe1cd52564f26aef849d2f13bb16fcde179180b,295,1,294,294,0.9966101694915255,reported,0.139456,0.343537,0.459184,0.312827
global_frequency,ALBL-4ee2de733107bf496cb129ee93841693210261129915ba651cc3fbb0b18de05c,152,2,150,150,0.9868421052631579,reported,0.146667,0.32,0.413333,0.317335
global_frequency,ALBL-50741b2ec0bf3af4af14534601eb2b25106535e1be6e7fa756e6062fa54090e3,521,1,520,520,0.9980806142034548,reported,0.138462,0.35,0.434615,0.314194
global_frequency,ALBL-5588dea76589911df854bcd8ae85996bb26f89521d661f3f591f4f339057cd55,47,0,47,47,1.0,reported,0.06383,0.12766,0.276596,0.213062
global_frequency,ALBL-57e56d22dd85362bb8105570741eef2f726eab5029f9510bb149e289c1cdb362,207,1,206,206,0.9951690821256038,reported,0.135922,0.398058,0.5,0.335532
global_frequency,ALBL-58317e7308fa764165b4d6a3ef2e233753924b1bb3544048ceb57650a8fa89cb,103,1,102,102,0.9902912621359223,reported,0.039216,0.333333,0.401961,0.265867
global_frequency,ALBL-58b4f98bab37d9f291c25b06ba57304d2b1c689dcc25c63e4ff642ab5584d304,134,2,132,132,0.9850746268656716,reported,0.05303,0.242424,0.439394,0.231481
global_frequency,ALBL-591263eefafdb52e5702e00434d710421ec77268e1974ea65c6faf003f8b94b8,20,0,20,20,1.0,reported,0.15,0.3,0.5,0.318135
global_frequency,ALBL-5df3b41d45a211caed7ddd24c3951c2e6837ab2f5322ab023300850d02ea1a5e,65,0,65,65,1.0,reported,0.030769,0.292308,0.307692,0.247444
global_frequency,ALBL-5fd79266de1ca82a6a701b7b65788f6a770a569318a1351825159d92cf867337,211,0,211,211,1.0,reported,0.118483,0.322275,0.473934,0.293454
global_frequency,ALBL-60e338cff4ca7d43b678b87ac6d0bc2923b2b774e88285998ea805732a13bc86,103,1,102,102,0.9902912621359223,reported,0.078431,0.186275,0.27451,0.222862
global_frequency,ALBL-624809a8c6f31530a20bced12f8eeb4a5292640bdb87ef4a277476da24a07d28,139,1,138,138,0.9928057553956835,reported,0.137681,0.26087,0.268116,0.266956
global_frequency,ALBL-6333d5595ce07957878659758f2179f94c4e244fc91a624bad260e48824e6d0a,150,41,109,109,0.7266666666666667,reported,0.119266,0.33945,0.513761,0.308977
global_frequency,ALBL-6470d1206d77a5344903490c8022085d5434995cb18f11140acf297a51a4c0f7,186,1,185,185,0.9946236559139785,reported,0.183784,0.2,0.356757,0.296051
global_frequency,ALBL-64b99f305e19727a83cafde426896191340dac22d1096e0014290657b528110b,96,2,94,94,0.9791666666666666,reported,0.138298,0.319149,0.691489,0.321874
global_frequency,ALBL-653f823573f2940bf2c73dfbdb26faef76f3062d797274a12eade0e8fd765269,297,24,273,273,0.9191919191919192,reported,0.201465,0.417582,0.479853,0.371354
global_frequency,ALBL-65f4c44000b0b3238b828e0cf5c3707b1e174d6799866358fb0a3a8f41ea30c0,103,0,103,103,1.0,reported,0.087379,0.23301,0.339806,0.246722
global_frequency,ALBL-668adef71637ce73ed0d6930da3df75035de7b9f85a5b5d81a63482870edf608,198,1,197,197,0.9949494949494949,reported,0.137056,0.243655,0.370558,0.27933
global_frequency,ALBL-674cdf7bedf87c3a984532f3b6d1e7baeeab9de3979127e45718e65f125c5971,137,1,136,136,0.9927007299270073,reported,0.117647,0.227941,0.389706,0.274255
global_frequency,ALBL-684afcd741ce3fa6d145edabeaaa08c1ac47e5ba86fdc114798bd81786f5418b,38,3,35,35,0.9210526315789473,reported,0.114286,0.257143,0.285714,0.261966
global_frequency,ALBL-68861076b744e959ac73e2117efa8b1b2b9c67339252c49fa74c306ae22b118d,135,6,129,129,0.9555555555555556,reported,0.147287,0.248062,0.286822,0.277425
global_frequency,ALBL-696c842e3ed9a1f7ab0284130f1a3ca48afd3efbd581178c263a594bd6158db6,100,1,99,99,0.99,reported,0.212121,0.383838,0.414141,0.362329
global_frequency,ALBL-69e09ca6ec075c702c80bc29a4f0403c9282b9293273e8873970444db978c065,182,0,182,182,1.0,reported,0.087912,0.230769,0.313187,0.237856
global_frequency,ALBL-6e2c5eea321edcf85b9bddb1be052f37af0d813916ec5db39e7691ed75c22ca0,410,54,356,356,0.8682926829268293,reported,0.199438,0.325843,0.488764,0.345761
global_frequency,ALBL-6e584511c3d847a8b7353a50064bbcc569da3e403933cbb51e8a88e2c4fc8f77,115,1,114,114,0.991304347826087,reported,0.131579,0.192982,0.359649,0.269989
global_frequency,ALBL-6fb00601b23592ac5bee90a3557f53be2b8b4a9e01b50bedf6a92a352e1c4d6b,279,0,279,279,1.0,reported,0.204301,0.415771,0.505376,0.365512
global_frequency,ALBL-71fc091f8fa9a5349caa201a162fd2a9e7fac847ff925da52daae602b7456737,184,3,181,181,0.9836956521739131,reported,0.154696,0.248619,0.314917,0.285702
global_frequency,ALBL-725a8caf4f4132e9734ee50844d011d83670da8006b97d5c112f6e33134115ff,206,8,198,198,0.9611650485436893,reported,0.151515,0.333333,0.39899,0.315915
global_frequency,ALBL-73c8a1a36223a670dc4911fa645f78397410791c1681cf627e1903abaceeedf8,201,0,201,201,1.0,reported,0.134328,0.263682,0.422886,0.295815
global_frequency,ALBL-758c40daaf5aa99c2bb61b302d6a7e854353d6b58df940ac091ecf62f863018c,99,0,99,99,1.0,reported,0.151515,0.191919,0.272727,0.26697
global_frequency,ALBL-7623ac04cbb961b36d61bf66b703c428420edf9b13d991e454601fa6c6d792ce,0,0,0,0,0.0,no_leakage_safe_test_events,,,,
global_frequency,ALBL-7780937cebdf3a7fdf84d6f6de9953c0fd0540f37d1f306578ffeef94a098ca4,164,27,137,137,0.8353658536585366,reported,0.153285,0.357664,0.416058,0.322709
global_frequency,ALBL-792d55b0a19edfc124c50aba34e23dc8797d058ad9d19feb36f247dd21034d18,117,2,115,115,0.9829059829059829,reported,0.078261,0.330435,0.347826,0.240046
global_frequency,ALBL-794d5a373c990e135a5ac3527a23c5c8c9431cb100be6cc02eaab0e303e3160e,253,2,251,251,0.9920948616600791,reported,0.115538,0.334661,0.462151,0.285606
global_frequency,ALBL-7ad638af3a35b7d111f62ea5b56a127ec4dbcf5cd86cc213bda8cd999a257ec9,94,4,90,90,0.9574468085106383,reported,0.222222,0.422222,0.566667,0.377777
global_frequency,ALBL-7ba722009dee968fea666826254e4d7047ee83b9c2b6439061df005b6dfa14bf,240,0,240,240,1.0,reported,0.129167,0.316667,0.466667,0.295836
global_frequency,ALBL-7d11225e8215022166cdd99505ba4f36a0b1b68bf5f51c1a126237b869768989,217,4,213,213,0.9815668202764977,reported,0.159624,0.300469,0.431925,0.30169
global_frequency,ALBL-7e9a60002d7d27bc747175d30b340b7dc85f9fd3a264c05f42b5130737e9af57,145,2,143,143,0.9862068965517241,reported,0.160839,0.370629,0.468531,0.326113
global_frequency,ALBL-7f3967d3975472e31ce4362dd92a45b49955b2ff273e500482ac5b4118c331c8,166,0,166,166,1.0,reported,0.10241,0.295181,0.46988,0.282283
global_frequency,ALBL-7f9d51b2153da108c09e27e39e0e3563c5aac119a896eeb929e827f8f1bea542,236,0,236,236,1.0,reported,0.105932,0.334746,0.423729,0.296106
global_frequency,ALBL-800378ed0482ee65717309245d95ab4ddd74395ddce9272aa4a50433bad833f6,345,54,291,291,0.8434782608695652,reported,0.219931,0.522337,0.621993,0.412458
global_frequency,ALBL-803895061e7d1b3ae418c5489b90e87ba8b5ba8c6694f214cd7ef630b40dd204,123,0,123,123,1.0,reported,0.073171,0.260163,0.512195,0.262945
global_frequency,ALBL-84fcfdcf1ab20bc4908a76b2515756f6ec5f78984423e012859049c91ef1f807,35,0,35,35,1.0,reported,0.257143,0.514286,0.514286,0.423608
global_frequency,ALBL-851b250b2304762b91768b5123950704538062116628ddfaa11d82ce5c5be520,216,3,213,213,0.9861111111111112,reported,0.103286,0.333333,0.492958,0.301799
global_frequency,ALBL-87844eb828b520c40f25c1c11d6bfe17d5bac7ac4cee3d7db6c8c804e9846918,29,0,29,29,1.0,reported,0.103448,0.241379,0.448276,0.259945
global_frequency,ALBL-89fcef5d9b763073e8b54afa5ed7fe58f06329b1fc1223fea93047e30703f75a,235,8,227,227,0.9659574468085106,reported,0.079295,0.352423,0.45815,0.287153
global_frequency,ALBL-8fe67f1bb9fc285a22c50d0d4d43b33ead424009b4de8dfeab0a3ddddc5c6e1e,231,3,228,228,0.987012987012987,reported,0.083333,0.320175,0.482456,0.289251
global_frequency,ALBL-9033c77c9bc50aacd1b2d8eb24227fe8142eb884573a498b41f5a89be7f0f5a3,268,12,256,256,0.9552238805970149,reported,0.101562,0.324219,0.445312,0.284796
global_frequency,ALBL-904fcc2d59908c38ed9f59b6a90b30096342461e51a746e515da335e08b6cf49,266,6,260,260,0.9774436090225563,reported,0.203846,0.411538,0.523077,0.376459
global_frequency,ALBL-9058dcff6afd9940ff9cce807bf7bc883fe6f6d183c5e0958cba710bfa814a13,183,1,182,182,0.994535519125683,reported,0.10989,0.225275,0.472527,0.273637
global_frequency,ALBL-91e7e3cdbb244167ab7bd584a228ec96d1798f373702980135847af0b640afa5,294,9,285,285,0.9693877551020408,reported,0.108772,0.329825,0.459649,0.29573
global_frequency,ALBL-93a39f5d64d4b1cd045f2ea90c301f10cfa84e6cb7474f61bb8f90b8b551a8bb,194,14,180,180,0.9278350515463918,reported,0.205556,0.327778,0.483333,0.349288
global_frequency,ALBL-9756ee2b51bd71de0c83766a970f3e1a415810f7477491fbcac8582eb4cb2b32,117,1,116,116,0.9914529914529915,reported,0.12931,0.396552,0.525862,0.31107
global_frequency,ALBL-9a6e97105d9c2dcd37f9aa00e1e58b3712106f810dd58f474ec3d433a911bc18,231,5,226,226,0.9783549783549783,reported,0.110619,0.323009,0.575221,0.30762
global_frequency,ALBL-9b613de436fe8c5d5f656a17086440bfd0951848ec313d090cdaa5d763f706b6,170,0,170,170,1.0,reported,0.129412,0.311765,0.523529,0.311369
global_frequency,ALBL-9d041dfe49b31971ca7df1440a31023002ef9bfc53778672e8ebebf429a0563a,112,2,110,110,0.9821428571428571,reported,0.172727,0.427273,0.481818,0.351066
global_frequency,ALBL-9d390795617660745271f543e07d046a1559f59554e1df74ef4dc93d904042f3,108,2,106,106,0.9814814814814815,reported,0.235849,0.349057,0.509434,0.376518
global_frequency,ALBL-9dfbe06f93041cb9bf5f5aa68c56ce9379af282b898eed75115c36908988f75d,75,0,75,75,1.0,reported,0.173333,0.226667,0.533333,0.325106
global_frequency,ALBL-9ec1ed5ae5429ec3c201bc8de841504a2e5b413a06a3aa8a963d94108be06e95,81,0,81,81,1.0,reported,0.234568,0.419753,0.530864,0.406683
global_frequency,ALBL-a544a6bae8dc3a039e1a6690236454a235ec489b230bb6188381cf8018131cab,213,0,213,213,1.0,reported,0.150235,0.347418,0.483568,0.333336
global_frequency,ALBL-a77568795e33c21efc2dfb2618a260e28c13560b0490be94d601be2e0d5f1dba,107,0,107,107,1.0,reported,0.11215,0.411215,0.504673,0.327982
global_frequency,ALBL-a93087c6798ab7596000fae7b23bb99f5528ef60d41242c5914dcb12836422cf,177,1,176,176,0.9943502824858758,reported,0.198864,0.363636,0.607955,0.368051
global_frequency,ALBL-a969c82d8811c619b763ab618ec5363279fb26d32c93efeed133750060e06d93,148,12,136,136,0.918918918918919,reported,0.110294,0.205882,0.294118,0.24846
global_frequency,ALBL-ababccf91bd7eece0e9ec3cd599f803bff89a216bef0cd48537ae90773c5d93f,256,43,213,213,0.83203125,reported,0.131455,0.41784,0.469484,0.321684
global_frequency,ALBL-ac709d4648f29c1d718b72ec5675ba04f5baeef5fbcc248d1a6661df48b83c94,356,11,345,345,0.9691011235955056,reported,0.226087,0.402899,0.498551,0.384008
global_frequency,ALBL-ad0e4d83b1b91dd8dca2501c10a40db6acf0f405e34f11babd92198f6135a8f4,197,1,196,196,0.9949238578680203,reported,0.081633,0.178571,0.306122,0.227718
global_frequency,ALBL-b05b2ef6bdc95c06ba891db690f7d2bd4fbc6bc9b317302a948bc3323352ed89,259,0,259,259,1.0,reported,0.073359,0.220077,0.262548,0.2338
global_frequency,ALBL-b13d2c09b86f4e5afd7d5e0ed5496d8f08e8c5438ad84a7f3e398ab3d030f5e5,166,3,163,163,0.9819277108433735,reported,0.08589,0.429448,0.668712,0.318546
global_frequency,ALBL-b2a691a1a1df18c00b161abfd5f160861921f76fd419e4a473cba62f11a6bdc2,212,1,211,211,0.9952830188679245,reported,0.052133,0.270142,0.649289,0.277699
global_frequency,ALBL-b3dec828679c767afa3e13f22a6124b9e70b8f8a07941068f89132a6c497954b,280,3,277,277,0.9892857142857143,reported,0.180505,0.353791,0.487365,0.339929
global_frequency,ALBL-b47259c0f8ec7dc8b05a94acb2921670b00d27d9b8e2b94848653ffd4aa9c890,99,1,98,98,0.98989898989899,reported,0.255102,0.326531,0.459184,0.377917
global_frequency,ALBL-b4d84befc7e96dbb8387757e7d31f4727c1237610f3bd1ee0bea968bcd69b253,161,1,160,160,0.9937888198757764,reported,0.075,0.25625,0.4125,0.24148
global_frequency,ALBL-b531a8de7a6d0c34b19b787255885398b63fd4b92d8984404c6d5271f7d268f1,262,38,224,224,0.8549618320610687,reported,0.129464,0.361607,0.495536,0.311848
global_frequency,ALBL-b54a07b05128f5872fa2d2cafea41ad88da5df11665216730e41d3f0d57f30ff,176,4,172,172,0.9772727272727273,reported,0.25,0.476744,0.616279,0.423932
global_frequency,ALBL-b63cf1e776045825584819d4a14d194bd5a31d3d26a8b732ba027e3967fb2bac,250,2,248,248,0.992,reported,0.096774,0.189516,0.306452,0.245261
global_frequency,ALBL-b6fb9745908a9283df198b367153a16c8346bc5114b5856f9a7ffb412793e6ef,182,4,178,178,0.978021978021978,reported,0.089888,0.241573,0.359551,0.242716
global_frequency,ALBL-b8557601edc484332b5e016a21d4bbb0916313ae828752e757fc70bab4e86dd4,180,0,180,180,1.0,reported,0.155556,0.311111,0.522222,0.312698
global_frequency,ALBL-b8a81d5882dab810d4dd664ff0c4a3e42ed9210e093bf09047883c9c87030795,87,33,54,54,0.6206896551724138,reported,0.074074,0.222222,0.388889,0.242977
global_frequency,ALBL-b97bd56b9ca53434dfd6bfe48b6585fffd4ce36eddfbe206e6c90faf56a9d6cd,266,11,255,255,0.9586466165413534,reported,0.192157,0.34902,0.466667,0.343985
global_frequency,ALBL-b9e828d3b8ca5e579e7b8a6233cf2f87100a9347b43e19953a76ef2513129a7e,44,0,44,44,1.0,reported,0.227273,0.340909,0.363636,0.352742
global_frequency,ALBL-bda9bbfa89b0bd940295ad568d84d7283bdc5124046b7dd9e9f71ed328bb0828,109,0,109,109,1.0,reported,0.036697,0.238532,0.266055,0.202285
global_frequency,ALBL-bfd7ad7c97808d56342bd0a84bb1be7d9d1b4a221d6d2ad0b5e3f2c5c8605a17,312,14,298,298,0.9551282051282052,reported,0.16443,0.389262,0.553691,0.35225
global_frequency,ALBL-c1f982b8eb04ff36009623f8516bf6573401da3cbf9ce3a7080b5c95fe25a794,213,1,212,212,0.9953051643192489,reported,0.212264,0.325472,0.523585,0.347922
global_frequency,ALBL-c28203421388af56e88d8f0ad4f9f31fd91f1b6e3815ee08511ee620b9046d21,90,0,90,90,1.0,reported,0.177778,0.333333,0.433333,0.323008
global_frequency,ALBL-c4f90fc90e0c97b6dbc57501292e9b4898caa889c277d3081e18c242f774cae2,88,1,87,87,0.9886363636363636,reported,0.034483,0.195402,0.390805,0.210338
global_frequency,ALBL-c59769af69edb396aee71a6ad277e7792d6a84c4d990757bf20412b33c8b7e24,138,5,133,133,0.9637681159420289,reported,0.142857,0.278195,0.443609,0.302576
global_frequency,ALBL-c848d6a211291771f93cf108b05b8dc3f7b8fa0a009a6e63609a8b46233e27a4,129,0,129,129,1.0,reported,0.302326,0.534884,0.604651,0.453544
global_frequency,ALBL-c8913c29ed1bccc83766366e0c593a46aecfcfec350af2ca425ad6fa27b75a61,109,8,101,101,0.926605504587156,reported,0.158416,0.39604,0.544554,0.334217
global_frequency,ALBL-c8b292a6fd797d5864b6f98a4ca3145941af864722740d9be02e52bb5e4d4d14,136,1,135,135,0.9926470588235294,reported,0.185185,0.288889,0.466667,0.321732
global_frequency,ALBL-cac4dfe45e2a4ea3c8992080944a6e0c1092bbfea9b5a129b6b007d76b168d38,168,3,165,165,0.9821428571428571,reported,0.127273,0.387879,0.448485,0.311027
global_frequency,ALBL-cb7c78d5d00ac7147de7b814ebde9ef47d47e7961b8df535b0628bb71e594071,256,23,233,233,0.91015625,reported,0.090129,0.158798,0.343348,0.228472
global_frequency,ALBL-cc48b376ac63f6fea6880e5372265eef198782cb91bad0382c98db1d34af89df,81,0,81,81,1.0,reported,0.296296,0.444444,0.493827,0.422443
global_frequency,ALBL-cc5e5e267a45098cd771ea82a20f2b570a5743d6a5716f053f5cb1a8135557ea,128,4,124,124,0.96875,reported,0.185484,0.379032,0.516129,0.34125
global_frequency,ALBL-cccdb653670a48994ebdcb438849469516c1dce56b03656b2018d90c9d7b2309,66,0,66,66,1.0,reported,0.272727,0.439394,0.575758,0.424013
global_frequency,ALBL-cd62211172109255e518aac9c918feef626c1ec8599caa975e444bfce28c7e28,149,0,149,149,1.0,reported,0.194631,0.295302,0.42953,0.329917
global_frequency,ALBL-cd9f7aaab55c5ae86a60abdfb037d7af75d0de0443a6fade6adadc7eeab5a80f,264,81,183,183,0.6931818181818182,reported,0.147541,0.360656,0.437158,0.317254
global_frequency,ALBL-ce1dbed42e4ffd01b17b35012dd06687b42c427b4423c451dd09eb33b4e346a1,335,8,327,327,0.9761194029850746,reported,0.146789,0.287462,0.406728,0.299451
global_frequency,ALBL-cec5217a1ba6f2e262da20bd31748b0bc5f4f0dcc7dbf9542cd8d69ed4719a82,121,15,106,106,0.8760330578512396,reported,0.198113,0.339623,0.518868,0.350241
global_frequency,ALBL-cf2f15a296686c84d839bd68c5e7f9f4aa3c7531a3115b6d11bb4422a06a2037,197,53,144,144,0.7309644670050761,reported,0.138889,0.263889,0.479167,0.302851
global_frequency,ALBL-cf57a8e5d480a0b56c9f5fe5f01fab0e983c707be56f806e05dd881c68e0ca8b,165,2,163,163,0.9878787878787879,reported,0.06135,0.251534,0.417178,0.246322
global_frequency,ALBL-d13fe9410299857cfceb924ed5d382cb03b8828be0d06b68c0ed1aae716ebc34,142,0,142,142,1.0,reported,0.183099,0.316901,0.485915,0.333124
global_frequency,ALBL-d5c64a06881af57c8b3bbebdc3498ac503532aca055565c510801f2c4b3c1178,203,0,203,203,1.0,reported,0.157635,0.26601,0.576355,0.32964
global_frequency,ALBL-d7a92b911b2c469f9fb85d220c4cc53811a7f280d395332df796bd1660aeeee1,264,3,261,261,0.9886363636363636,reported,0.095785,0.295019,0.402299,0.280918
global_frequency,ALBL-d7bb01eb8d746f1f9d0a1c46bb8ab67c980a36f3fbbdf2d4671c7ce7e040539c,485,5,480,480,0.9896907216494846,reported,0.145833,0.33125,0.5375,0.334034
global_frequency,ALBL-d979019ce70ed85f25885322d6573ee2b06fc89d5d3a312f05d0e571d3c1e6b9,104,2,102,102,0.9807692307692307,reported,0.107843,0.284314,0.441176,0.279764
global_frequency,ALBL-da9d5eb8de99255ccb4d6af827d525b9756ed63f0144d90067a98ac15e7404e8,151,4,147,147,0.9735099337748344,reported,0.108844,0.346939,0.428571,0.292301
global_frequency,ALBL-dc8f1d73d2a7e7197ef9aa9abc2f54ad1c65f8c859a130403d44a3acdcbdb9a7,268,27,241,241,0.8992537313432836,reported,0.253112,0.381743,0.489627,0.381521
global_frequency,ALBL-de0f80e3bfa4aad6217752f1c1440d11228188a028dc94fa69b1f787401c2def,274,2,272,272,0.9927007299270073,reported,0.099265,0.360294,0.459559,0.29932
global_frequency,ALBL-de2120b6e55092ce5c5aa011967ce8dcfffae11ffbb993f47bdf018134f00676,257,49,208,208,0.8093385214007782,reported,0.091346,0.480769,0.5625,0.33906
global_frequency,ALBL-df36480d1c39db0bd7c57e8729258ffe1f0e03d719943c6ade41e38e9f4c0dcd,198,3,195,195,0.9848484848484849,reported,0.179487,0.307692,0.461538,0.33014
global_frequency,ALBL-e3629c2151d449562136201f8da51770a96f0b5e1d3ab3324e65c4f2fe40256d,187,2,185,185,0.9893048128342246,reported,0.12973,0.324324,0.459459,0.296203
global_frequency,ALBL-e36a821d097c02334c1e15e0e35e40107b21fac23a4c1d89fe9b45f1030533c5,172,0,172,172,1.0,reported,0.127907,0.337209,0.476744,0.316146
global_frequency,ALBL-e40ca6e7685b01b18b567faf579406988813bbc01e8d2aad140f8c9ed0986691,125,0,125,125,1.0,reported,0.08,0.376,0.648,0.307494
global_frequency,ALBL-e46eba02dd6aeba07ab93fe500e9c0e763b4d30e10187dc7876ef527c9fca822,217,18,199,199,0.9170506912442397,reported,0.080402,0.180905,0.351759,0.233021
global_frequency,ALBL-e60d314b51617b1122c7504e84f6cb188d601755a9f3ed2bf60c18533f42c483,97,0,97,97,1.0,reported,0.360825,0.525773,0.56701,0.491516
global_frequency,ALBL-e72e4ade8d97665aa4a2256764cb353dfa64deccf822922b70f06d7ee29f3c94,118,1,117,117,0.9915254237288136,reported,0.051282,0.290598,0.435897,0.2628
global_frequency,ALBL-e85609f71a45bee71a1f0d38eca2780c52910c2125d64d1cc060c4aa63cb4114,342,7,335,335,0.97953216374269,reported,0.158209,0.373134,0.486567,0.332638
global_frequency,ALBL-e9a4c85e9728ea650fe95413c3e3e10896819996b77097c55e8b48164ad00e35,139,1,138,138,0.9928057553956835,reported,0.195652,0.42029,0.550725,0.363231
global_frequency,ALBL-eb108f2c1f83074b207ab2be2d7d69c06e433803fec18042e383702c08ae6036,133,2,131,131,0.9849624060150376,reported,0.175573,0.381679,0.427481,0.334999
global_frequency,ALBL-ebe5f9209243e8cc0730f985167ab1298e9e6b87f738cbdaaa2789cd93dc9812,125,1,124,124,0.992,reported,0.193548,0.435484,0.516129,0.375828
global_frequency,ALBL-ec1a6a5ce2ff06a97a913a555309205d1ec638937f61e263acda0f10b28e85aa,131,8,123,123,0.9389312977099237,reported,0.284553,0.439024,0.512195,0.413848
global_frequency,ALBL-ec3093fcb691301b6cc4a5e0a5c9ee093e661b6b35b618255b5590bc4b0c8826,175,21,154,154,0.88,reported,0.201299,0.545455,0.688312,0.415755
global_frequency,ALBL-ecfef7f6f92be0e12b16b1883492c5074fcebcc87b380e577cea3d43f25ef6df,355,6,349,349,0.9830985915492958,reported,0.108883,0.323782,0.487106,0.289898
global_frequency,ALBL-ee761957fd84d9c113ca2d9014b1d2209def3e6742e7c877eae5c8bdcb8b533e,130,1,129,129,0.9923076923076923,reported,0.085271,0.379845,0.581395,0.281094
global_frequency,ALBL-ef963e525bebe48fd785903ab976c726352c21df455380b64bd62eb74a2ae1b4,233,1,232,232,0.9957081545064378,reported,0.077586,0.331897,0.465517,0.28386
global_frequency,ALBL-f01c232566c50c600194af8656475231127091412b8ac4819d979c7595e78db3,334,0,334,334,1.0,reported,0.155689,0.338323,0.404192,0.320113
global_frequency,ALBL-f13232ac4d20a03d1895a207e1d242b71a0fff71fc387a2dce2728146c4583ea,130,0,130,130,1.0,reported,0.092308,0.223077,0.323077,0.242813
global_frequency,ALBL-f17a363490fbf411d96b103d956dc0fa2f5ffeed1ce475e10c0db695c00b516d,215,5,210,210,0.9767441860465116,reported,0.085714,0.180952,0.271429,0.221717
global_frequency,ALBL-f1d17edd22455d0bb54bc9f551890a1040c9af1b1f7c4e516f53bb4c5cd7ad5b,208,3,205,205,0.9855769230769231,reported,0.185366,0.278049,0.35122,0.310629
global_frequency,ALBL-f5b44700d88df27400bbc80123221c3d4510d850e6f6494eb136693cd655b7fa,77,9,68,68,0.8831168831168831,reported,0.058824,0.279412,0.470588,0.264416
global_frequency,ALBL-f5c838e8479f7115b41dccc8470f0a7bf4f9af29972a3900d66118cbac0f88b3,95,0,95,95,1.0,reported,0.094737,0.326316,0.389474,0.279699
global_frequency,ALBL-f6c453a4cec050452655cd7fefbae80257efb4583635d09d28721f006bc73813,165,0,165,165,1.0,reported,0.169697,0.357576,0.460606,0.327272
global_frequency,ALBL-f7d16738e8a0e28cd1e8432bc528a43c0b30e4480724c7c5ec7308ebd620c3bc,66,0,66,66,1.0,reported,0.484848,0.651515,0.727273,0.604056
global_frequency,ALBL-f82592dd2f2843d995b82060d966ef0133424aae05676b853f6742afe8e0a878,215,6,209,209,0.9720930232558139,reported,0.090909,0.258373,0.559809,0.275495
global_frequency,ALBL-fc83eb0c2b9caf7b6655f612f98b6c57a3a90e33dadb1e65cb5c8eaae604cd5a,56,0,56,56,1.0,reported,0.214286,0.482143,0.517857,0.400796
global_frequency,ALBL-fd0a058a50b05e2475b35bc7a53f2535fc78c8526b94226cb77723f1e78637ef,114,37,77,77,0.6754385964912281,reported,0.064935,0.428571,0.467532,0.294365
global_frequency,ALBL-fddf535e5b713884564473e370696e9d3ff93e4f56e8f974e38c66f522386646,248,8,240,240,0.967741935483871,reported,0.091667,0.254167,0.491667,0.28232
global_frequency,ALBL-ffa5a6949797a99fe90a6aae5ad6a788e26cd47439ea35eaf1e71c156dd3a765,43,0,43,43,1.0,reported,0.348837,0.44186,0.511628,0.458105
first_order_markov,ALBL-0261b0368c5af1b8ccdaeccbab00785624e008ac644429d8d84947f16a8e1246,31,0,31,31,1.0,reported,0.645161,0.870968,0.903226,0.777126
first_order_markov,ALBL-05027a559ca8274e1af58649dead83910cf96e6bbae590d148a5efe5010ede07,156,3,153,153,0.9807692307692307,reported,0.51634,0.647059,0.718954,0.620593
first_order_markov,ALBL-05fe1effba76833f120b714fd0141df46b7970d83c822c8a91201585ff6bb5ea,31,0,31,31,1.0,reported,0.354839,0.677419,0.806452,0.568294
first_order_markov,ALBL-0828f126ccf0c88bdf414c410611374063d1ab6c756389b0c253efbbab6dcd4d,478,12,466,466,0.9748953974895398,reported,0.493562,0.635193,0.706009,0.601871
first_order_markov,ALBL-0929cce7f34a4cdb493f568ffaa9af65e0d1e65bd213ca7ccc8238383301f5d9,188,3,185,185,0.9840425531914894,reported,0.556757,0.708108,0.810811,0.668055
first_order_markov,ALBL-0a1a532fbfe9b4e01ba4d08dc1af1a73c305efb613a891a1b1339cbc2ef41bdc,194,3,191,191,0.9845360824742269,reported,0.638743,0.732984,0.795812,0.709015
first_order_markov,ALBL-0b0fe4f2cc23badddb1c1ebb33c22cc45c6f41924b2d4b3172d8625fc7f6e4b2,337,4,333,333,0.9881305637982196,reported,0.393393,0.504505,0.57958,0.496671
first_order_markov,ALBL-0b85ce543a1bd0918047e0b04b3122ff8c8ac71a59f415e4b7185b7267f32139,112,3,109,109,0.9732142857142857,reported,0.614679,0.715596,0.779817,0.699892
first_order_markov,ALBL-0c1cbb0aa0ebc67715d27ebbaf942ec5de9ebbfedcb37cbdbf03fba067fee404,150,0,150,150,1.0,reported,0.526667,0.686667,0.786667,0.644851
first_order_markov,ALBL-0d10d90fcd6f9613167e94880a655155a1e2d6351e228824fcf59988dfbdd8f6,337,49,288,288,0.8545994065281899,reported,0.503472,0.614583,0.732639,0.604777
first_order_markov,ALBL-0e0e8e661f2739ca41959d3626f404f85140a2cbdc6d8ed229931879550ab46e,244,2,242,242,0.9918032786885246,reported,0.495868,0.652893,0.735537,0.612072
first_order_markov,ALBL-0fad1a0628b44667e6d7ea5400c1265783ad07b0e8a6f5e211f741bc5456eff8,297,46,251,251,0.8451178451178452,reported,0.474104,0.601594,0.673307,0.584151
first_order_markov,ALBL-1136c276f991eb3cba877aef2044b57a9b940feb6a4d3695540916113c5aafd5,61,6,55,55,0.9016393442622951,reported,0.472727,0.654545,0.8,0.609653
first_order_markov,ALBL-11f90a8c55fbe0699911c1c19ab4046d0a93a992a97ac914cf60449351307a39,193,2,191,191,0.9896373056994818,reported,0.628272,0.717277,0.790576,0.706911
first_order_markov,ALBL-1347d8cb47ac4267756940fe68d3c6c4fc79c584d4f4a8b7761c7981696c39c2,132,1,131,131,0.9924242424242424,reported,0.534351,0.725191,0.778626,0.650379
first_order_markov,ALBL-1753897f8c66389b862ec914699598c03d64c509e330ce87a7421c9325a0ac9f,145,1,144,144,0.993103448275862,reported,0.548611,0.625,0.75,0.635563
first_order_markov,ALBL-17684bc3770d1aec5c2bd652a8807086eae2d17921537773d7065a03fe954aab,93,1,92,92,0.989247311827957,reported,0.467391,0.586957,0.684783,0.574165
first_order_markov,ALBL-17a705471f9603aa36a32eccd5a72e57b03ee08200a8ee9b075466924284be0d,98,7,91,91,0.9285714285714286,reported,0.43956,0.538462,0.604396,0.533965
first_order_markov,ALBL-1966ab7fbcd7e029e5d23d46e16dd169141761a81c9ccb7ad58233a524454fd5,19,16,3,3,0.15789473684210525,suppressed_below_20_events,,,,
first_order_markov,ALBL-1977978993b2949e4425ba3d1e00a27af4ff44e6123be893f0fff6439f76e7e3,483,59,424,424,0.8778467908902692,reported,0.431604,0.568396,0.667453,0.55105
first_order_markov,ALBL-19be539ea558fbcef5a22605c16c9872520ccad409f3e1624e7105b28a7760cb,25,0,25,25,1.0,reported,0.16,0.24,0.36,0.288981
first_order_markov,ALBL-19e6d081ff62ae40b3e88e22cef1e5d0ec872a8e6f3866590efc6d45eb909d16,126,0,126,126,1.0,reported,0.539683,0.642857,0.714286,0.626211
first_order_markov,ALBL-1a992211d5b1262263ca23d60bf8d7103e1eba254b60f9e0e0a05617ae61dc4f,147,0,147,147,1.0,reported,0.319728,0.605442,0.761905,0.515995
first_order_markov,ALBL-1c521aa5918a7c228d52dd39e33749ac1ed6902f61bfed0d6daaa3c3adfc4357,328,57,271,271,0.8262195121951219,reported,0.428044,0.597786,0.712177,0.558783
first_order_markov,ALBL-1f58a6ffe8bece560a2d7cd3f95b1c5fedac73381c77a301c279e6c79036b7f0,68,0,68,68,1.0,reported,0.661765,0.852941,0.926471,0.782586
first_order_markov,ALBL-1f7fed06b8efb360d17055fb5863e54d09a25560e048c3bf2ee01153da3c93c4,205,0,205,205,1.0,reported,0.614634,0.726829,0.77561,0.697047
first_order_markov,ALBL-23cc9ad5656ade82d0585fba15746eec8fbcbb8ecbcd883d7fc885d404d1478b,26,0,26,26,1.0,reported,0.653846,0.807692,0.807692,0.741889
first_order_markov,ALBL-247a321492792bdb57c32c163643edba2d15422f23a86af468d8f0bfb5c89077,262,2,260,260,0.9923664122137404,reported,0.296154,0.423077,0.573077,0.434578
first_order_markov,ALBL-24ab2db65ff01b86f7df8f18130ad4db0b5a038f7c40263e75fb0b0dc7213232,70,0,70,70,1.0,reported,0.314286,0.471429,0.542857,0.440645
first_order_markov,ALBL-24b00b86757b8524f811b193bdeb83ef1329a0c57055807a6ded111fa42e68f3,139,5,134,134,0.9640287769784173,reported,0.552239,0.716418,0.768657,0.657672
first_order_markov,ALBL-255b39be5ec120d92543e4e21dc87011282877c2b9e48c00579662e497eb22d4,64,1,63,63,0.984375,reported,0.333333,0.539683,0.650794,0.490846
first_order_markov,ALBL-275cbdad252f54c6748319f45ee0a8a3135340327f40dfd3f83e5b261bcad5df,93,0,93,93,1.0,reported,0.526882,0.688172,0.784946,0.639522
first_order_markov,ALBL-275d6c06b34fc1ede399aff72db03e76929b074ec212f94453d28ff922f95804,264,1,263,263,0.9962121212121212,reported,0.562738,0.730038,0.794677,0.670501
first_order_markov,ALBL-2807b98ea33a2a358a5e75262d1634d94c6402340cb7f15b88794a34f694ba24,158,33,125,125,0.7911392405063291,reported,0.448,0.696,0.744,0.591739
first_order_markov,ALBL-284f21f38fb89fffc6231f1c8e4e864ddfb421bed3792bc18e665896dd0864c9,260,96,164,164,0.6307692307692307,reported,0.512195,0.597561,0.695122,0.601707
first_order_markov,ALBL-2af009abc260058ed488c3cc5bd979e4028fa2b64a389c66f06c6ef5e8743d9a,249,1,248,248,0.9959839357429718,reported,0.46371,0.657258,0.737903,0.596765
first_order_markov,ALBL-2b47111c3ae429f7fd49243653f4b70387bf44642bbb3d8c30fd5cc8b8063b34,171,0,171,171,1.0,reported,0.520468,0.672515,0.71345,0.625076
first_order_markov,ALBL-2c0d33cebcdf6b69c4dbde5486faeab809292ba09e1c547ffa0bffdbf69312ac,215,1,214,214,0.9953488372093023,reported,0.616822,0.752336,0.836449,0.714337
first_order_markov,ALBL-2c4757a584ada65232fd4e1061bb867f3e2341823f769a11a3ad84438bfe03a6,27,0,27,27,1.0,reported,0.777778,0.851852,0.851852,0.824735
first_order_markov,ALBL-2c8bc6640d674fb0494ab3a0352bfacdd7243a34c724124ee036737fd0d39b2d,128,2,126,126,0.984375,reported,0.428571,0.674603,0.738095,0.586049
first_order_markov,ALBL-2cd7183a0cf674ea30188d5d0032a7ba17c2775bd7ee862325f9ed98d3d5ee1f,427,2,425,425,0.9953161592505855,reported,0.414118,0.534118,0.630588,0.529055
first_order_markov,ALBL-2e810b55afb91280b967725073e8e9dee97ffc7e57519fa876a5eef1c60b2833,104,1,103,103,0.9903846153846154,reported,0.737864,0.864078,0.893204,0.810148
first_order_markov,ALBL-2f8b2ec6bcd75a5e76215bbd5e2e95d25bed68c81acf7ea38f86e111ac5ced35,258,18,240,240,0.9302325581395349,reported,0.4,0.579167,0.641667,0.526475
first_order_markov,ALBL-3031bd18d220db6520e49505d607f0577ab0291d63ca904ef8c75c6e35e6d3fc,256,1,255,255,0.99609375,reported,0.423529,0.513725,0.607843,0.526358
first_order_markov,ALBL-30f7e60627845f9d0fd4aec317723f5156cbb07ff715a9b98385f64c558bd2fa,126,0,126,126,1.0,reported,0.5,0.595238,0.698413,0.602923
first_order_markov,ALBL-314c2bafd9ac4593acb1cd858e97edf4ad5631f78cb356ce14019e732aa2ae48,139,1,138,138,0.9928057553956835,reported,0.514493,0.688406,0.782609,0.638192
first_order_markov,ALBL-33f39cebde978ce9aa6e4c3876032ec25f0e8d1871843f6f21ed6dd57e8d7d4a,221,26,195,195,0.8823529411764706,reported,0.405128,0.564103,0.65641,0.529529
first_order_markov,ALBL-3516aca92330ace937d4d66d19489d317129d236c505c76c829d30f582c702ec,329,0,329,329,1.0,reported,0.43465,0.656535,0.720365,0.575822
first_order_markov,ALBL-36142f7c7512775b0003e10735d3704a243836ce608ddce5ec55d2a9d3b46add,37,2,35,35,0.9459459459459459,reported,0.571429,0.685714,0.742857,0.658772
first_order_markov,ALBL-36c9800bd02cf448b8d1cfd748568b7250020c76eac2b09be6443266d3246492,61,0,61,61,1.0,reported,0.52459,0.688525,0.770492,0.638518
first_order_markov,ALBL-370cf8dec91c8c759d3d4eabfdc7f5c2fda07290e95e14f5731c2a18724159db,33,0,33,33,1.0,reported,0.212121,0.393939,0.484848,0.371409
first_order_markov,ALBL-377b054a1f71b14c70428b5910256bbb843ebcec24665eff55383c467e7c9df7,328,6,322,322,0.9817073170731707,reported,0.481366,0.614907,0.673913,0.579971
first_order_markov,ALBL-37f6eb87430a0b1d7a66bf0a89dab1ed85cf84803d73bee23b3b94e50f1a71be,135,0,135,135,1.0,reported,0.614815,0.762963,0.859259,0.719048
first_order_markov,ALBL-37ff92a2c4a991915f72decba88e5b2eded6f8d585460ca3c198988ae1274572,291,4,287,287,0.9862542955326461,reported,0.397213,0.512195,0.630662,0.510985
first_order_markov,ALBL-3aea2c0801f6f0a6142d4a1b36a638bf2b641a219dfd7ac90ea19346b4e1c1ea,29,0,29,29,1.0,reported,0.965517,0.965517,0.965517,0.971264
first_order_markov,ALBL-3dab537bbce562a80504255944b4f84168fe4cdfe736c5f5569088ee394644b6,267,1,266,266,0.9962546816479401,reported,0.548872,0.680451,0.770677,0.65283
first_order_markov,ALBL-3e8052851c5f2da0234ba405219252f0ffdf30904c8807e3dfdbe6d44d5b2ade,91,1,90,90,0.989010989010989,reported,0.555556,0.722222,0.822222,0.666286
first_order_markov,ALBL-3ee93b4fbf1fe5935538066bfee5c8fc4d55b7308cfe1dbf78748e19528345f6,81,2,79,79,0.9753086419753086,reported,0.531646,0.734177,0.822785,0.652675
first_order_markov,ALBL-3f8544460dad7df697f7b1dfe3ceb76f8ee9fee329dff53487a2ff31ae594765,372,2,370,370,0.9946236559139785,reported,0.518919,0.683784,0.77027,0.638108
first_order_markov,ALBL-3ff74c075ec5c2e5728f2ff0bfb20cf17699329068612d45293b05554df57030,269,6,263,263,0.9776951672862454,reported,0.448669,0.574144,0.69962,0.557428
first_order_markov,ALBL-410bedcb3af781aedd8b01993423c88b246553bed5edec02764821357bfb3ad5,0,0,0,0,0.0,no_leakage_safe_test_events,,,,
first_order_markov,ALBL-416efb901b78e0dac353a88963abd0a86b5207467dd399395d3c77f99460a215,103,1,102,102,0.9902912621359223,reported,0.529412,0.705882,0.764706,0.642828
first_order_markov,ALBL-4351325bff68d9ba2013f7254620f426c6d51a30ec2bb8dae4c1d2c8017071f4,281,1,280,280,0.99644128113879,reported,0.496429,0.725,0.778571,0.622563
first_order_markov,ALBL-449c15c13efcf3a854c22dfa004716e1293d43fb1853aea6c0bab03d10c4c10b,66,0,66,66,1.0,reported,0.515152,0.681818,0.757576,0.632176
first_order_markov,ALBL-45fb690b1fa5ef0d23dbeb44ff194f49e6899ee138d850ccb0f8ca44cf44f801,113,0,113,113,1.0,reported,0.477876,0.60177,0.690265,0.591526
first_order_markov,ALBL-4643ced8fed4e5f7ffe92d53e345a6e445386087a66e90051378e206de8a183f,224,2,222,222,0.9910714285714286,reported,0.576577,0.693694,0.774775,0.672098
first_order_markov,ALBL-477d40bab9415c1e1fc116f4efe1cd52564f26aef849d2f13bb16fcde179180b,295,1,294,294,0.9966101694915255,reported,0.506803,0.636054,0.710884,0.610578
first_order_markov,ALBL-4ee2de733107bf496cb129ee93841693210261129915ba651cc3fbb0b18de05c,152,2,150,150,0.9868421052631579,reported,0.48,0.626667,0.72,0.593753
first_order_markov,ALBL-50741b2ec0bf3af4af14534601eb2b25106535e1be6e7fa756e6062fa54090e3,521,1,520,520,0.9980806142034548,reported,0.453846,0.598077,0.696154,0.570413
first_order_markov,ALBL-5588dea76589911df854bcd8ae85996bb26f89521d661f3f591f4f339057cd55,47,0,47,47,1.0,reported,0.702128,0.744681,0.765957,0.756155
first_order_markov,ALBL-57e56d22dd85362bb8105570741eef2f726eab5029f9510bb149e289c1cdb362,207,1,206,206,0.9951690821256038,reported,0.490291,0.679612,0.76699,0.614129
first_order_markov,ALBL-58317e7308fa764165b4d6a3ef2e233753924b1bb3544048ceb57650a8fa89cb,103,1,102,102,0.9902912621359223,reported,0.509804,0.617647,0.676471,0.598758
first_order_markov,ALBL-58b4f98bab37d9f291c25b06ba57304d2b1c689dcc25c63e4ff642ab5584d304,134,2,132,132,0.9850746268656716,reported,0.401515,0.5,0.598485,0.511964
first_order_markov,ALBL-591263eefafdb52e5702e00434d710421ec77268e1974ea65c6faf003f8b94b8,20,0,20,20,1.0,reported,0.6,0.7,0.75,0.664597
first_order_markov,ALBL-5df3b41d45a211caed7ddd24c3951c2e6837ab2f5322ab023300850d02ea1a5e,65,0,65,65,1.0,reported,0.523077,0.707692,0.769231,0.634945
first_order_markov,ALBL-5fd79266de1ca82a6a701b7b65788f6a770a569318a1351825159d92cf867337,211,0,211,211,1.0,reported,0.49763,0.734597,0.800948,0.634536
first_order_markov,ALBL-60e338cff4ca7d43b678b87ac6d0bc2923b2b774e88285998ea805732a13bc86,103,1,102,102,0.9902912621359223,reported,0.421569,0.539216,0.656863,0.540552
first_order_markov,ALBL-624809a8c6f31530a20bced12f8eeb4a5292640bdb87ef4a277476da24a07d28,139,1,138,138,0.9928057553956835,reported,0.463768,0.637681,0.73913,0.586559
first_order_markov,ALBL-6333d5595ce07957878659758f2179f94c4e244fc91a624bad260e48824e6d0a,150,41,109,109,0.7266666666666667,reported,0.431193,0.66055,0.761468,0.574395
first_order_markov,ALBL-6470d1206d77a5344903490c8022085d5434995cb18f11140acf297a51a4c0f7,186,1,185,185,0.9946236559139785,reported,0.572973,0.713514,0.751351,0.667204
first_order_markov,ALBL-64b99f305e19727a83cafde426896191340dac22d1096e0014290657b528110b,96,2,94,94,0.9791666666666666,reported,0.489362,0.542553,0.670213,0.575916
first_order_markov,ALBL-653f823573f2940bf2c73dfbdb26faef76f3062d797274a12eade0e8fd765269,297,24,273,273,0.9191919191919192,reported,0.487179,0.659341,0.70696,0.601754
first_order_markov,ALBL-65f4c44000b0b3238b828e0cf5c3707b1e174d6799866358fb0a3a8f41ea30c0,103,0,103,103,1.0,reported,0.349515,0.582524,0.650485,0.510085
first_order_markov,ALBL-668adef71637ce73ed0d6930da3df75035de7b9f85a5b5d81a63482870edf608,198,1,197,197,0.9949494949494949,reported,0.456853,0.64467,0.771574,0.599345
first_order_markov,ALBL-674cdf7bedf87c3a984532f3b6d1e7baeeab9de3979127e45718e65f125c5971,137,1,136,136,0.9927007299270073,reported,0.485294,0.625,0.720588,0.59159
first_order_markov,ALBL-684afcd741ce3fa6d145edabeaaa08c1ac47e5ba86fdc114798bd81786f5418b,38,3,35,35,0.9210526315789473,reported,0.6,0.8,0.857143,0.725317
first_order_markov,ALBL-68861076b744e959ac73e2117efa8b1b2b9c67339252c49fa74c306ae22b118d,135,6,129,129,0.9555555555555556,reported,0.620155,0.767442,0.790698,0.716905
first_order_markov,ALBL-696c842e3ed9a1f7ab0284130f1a3ca48afd3efbd581178c263a594bd6158db6,100,1,99,99,0.99,reported,0.616162,0.727273,0.808081,0.701952
first_order_markov,ALBL-69e09ca6ec075c702c80bc29a4f0403c9282b9293273e8873970444db978c065,182,0,182,182,1.0,reported,0.346154,0.532967,0.598901,0.485703
first_order_markov,ALBL-6e2c5eea321edcf85b9bddb1be052f37af0d813916ec5db39e7691ed75c22ca0,410,54,356,356,0.8682926829268293,reported,0.438202,0.603933,0.674157,0.564205
first_order_markov,ALBL-6e584511c3d847a8b7353a50064bbcc569da3e403933cbb51e8a88e2c4fc8f77,115,1,114,114,0.991304347826087,reported,0.473684,0.614035,0.710526,0.589144
first_order_markov,ALBL-6fb00601b23592ac5bee90a3557f53be2b8b4a9e01b50bedf6a92a352e1c4d6b,279,0,279,279,1.0,reported,0.508961,0.702509,0.824373,0.628227
first_order_markov,ALBL-71fc091f8fa9a5349caa201a162fd2a9e7fac847ff925da52daae602b7456737,184,3,181,181,0.9836956521739131,reported,0.59116,0.685083,0.80663,0.67942
first_order_markov,ALBL-725a8caf4f4132e9734ee50844d011d83670da8006b97d5c112f6e33134115ff,206,8,198,198,0.9611650485436893,reported,0.449495,0.636364,0.722222,0.578545
first_order_markov,ALBL-73c8a1a36223a670dc4911fa645f78397410791c1681cf627e1903abaceeedf8,201,0,201,201,1.0,reported,0.393035,0.502488,0.60199,0.509578
first_order_markov,ALBL-758c40daaf5aa99c2bb61b302d6a7e854353d6b58df940ac091ecf62f863018c,99,0,99,99,1.0,reported,0.434343,0.545455,0.585859,0.532948
first_order_markov,ALBL-7623ac04cbb961b36d61bf66b703c428420edf9b13d991e454601fa6c6d792ce,0,0,0,0,0.0,no_leakage_safe_test_events,,,,
first_order_markov,ALBL-7780937cebdf3a7fdf84d6f6de9953c0fd0540f37d1f306578ffeef94a098ca4,164,27,137,137,0.8353658536585366,reported,0.437956,0.686131,0.751825,0.583065
first_order_markov,ALBL-792d55b0a19edfc124c50aba34e23dc8797d058ad9d19feb36f247dd21034d18,117,2,115,115,0.9829059829059829,reported,0.53913,0.678261,0.747826,0.643176
first_order_markov,ALBL-794d5a373c990e135a5ac3527a23c5c8c9431cb100be6cc02eaab0e303e3160e,253,2,251,251,0.9920948616600791,reported,0.537849,0.713147,0.780876,0.655077
first_order_markov,ALBL-7ad638af3a35b7d111f62ea5b56a127ec4dbcf5cd86cc213bda8cd999a257ec9,94,4,90,90,0.9574468085106383,reported,0.244444,0.444444,0.544444,0.398531
first_order_markov,ALBL-7ba722009dee968fea666826254e4d7047ee83b9c2b6439061df005b6dfa14bf,240,0,240,240,1.0,reported,0.595833,0.675,0.779167,0.67971
first_order_markov,ALBL-7d11225e8215022166cdd99505ba4f36a0b1b68bf5f51c1a126237b869768989,217,4,213,213,0.9815668202764977,reported,0.474178,0.676056,0.765258,0.607494
first_order_markov,ALBL-7e9a60002d7d27bc747175d30b340b7dc85f9fd3a264c05f42b5130737e9af57,145,2,143,143,0.9862068965517241,reported,0.678322,0.86014,0.909091,0.778527
first_order_markov,ALBL-7f3967d3975472e31ce4362dd92a45b49955b2ff273e500482ac5b4118c331c8,166,0,166,166,1.0,reported,0.361446,0.53012,0.644578,0.489526
first_order_markov,ALBL-7f9d51b2153da108c09e27e39e0e3563c5aac119a896eeb929e827f8f1bea542,236,0,236,236,1.0,reported,0.542373,0.707627,0.762712,0.653175
first_order_markov,ALBL-800378ed0482ee65717309245d95ab4ddd74395ddce9272aa4a50433bad833f6,345,54,291,291,0.8434782608695652,reported,0.467354,0.635739,0.71134,0.586729
first_order_markov,ALBL-803895061e7d1b3ae418c5489b90e87ba8b5ba8c6694f214cd7ef630b40dd204,123,0,123,123,1.0,reported,0.642276,0.723577,0.780488,0.715585
first_order_markov,ALBL-84fcfdcf1ab20bc4908a76b2515756f6ec5f78984423e012859049c91ef1f807,35,0,35,35,1.0,reported,0.371429,0.628571,0.771429,0.527512
first_order_markov,ALBL-851b250b2304762b91768b5123950704538062116628ddfaa11d82ce5c5be520,216,3,213,213,0.9861111111111112,reported,0.680751,0.802817,0.835681,0.760748
first_order_markov,ALBL-87844eb828b520c40f25c1c11d6bfe17d5bac7ac4cee3d7db6c8c804e9846918,29,0,29,29,1.0,reported,0.241379,0.275862,0.37931,0.341186
first_order_markov,ALBL-89fcef5d9b763073e8b54afa5ed7fe58f06329b1fc1223fea93047e30703f75a,235,8,227,227,0.9659574468085106,reported,0.550661,0.647577,0.753304,0.643563
first_order_markov,ALBL-8fe67f1bb9fc285a22c50d0d4d43b33ead424009b4de8dfeab0a3ddddc5c6e1e,231,3,228,228,0.987012987012987,reported,0.47807,0.614035,0.70614,0.586222
first_order_markov,ALBL-9033c77c9bc50aacd1b2d8eb24227fe8142eb884573a498b41f5a89be7f0f5a3,268,12,256,256,0.9552238805970149,reported,0.335938,0.480469,0.570312,0.465453
first_order_markov,ALBL-904fcc2d59908c38ed9f59b6a90b30096342461e51a746e515da335e08b6cf49,266,6,260,260,0.9774436090225563,reported,0.426923,0.584615,0.696154,0.556465
first_order_markov,ALBL-9058dcff6afd9940ff9cce807bf7bc883fe6f6d183c5e0958cba710bfa814a13,183,1,182,182,0.994535519125683,reported,0.478022,0.615385,0.708791,0.586015
first_order_markov,ALBL-91e7e3cdbb244167ab7bd584a228ec96d1798f373702980135847af0b640afa5,294,9,285,285,0.9693877551020408,reported,0.470175,0.57193,0.694737,0.574703
first_order_markov,ALBL-93a39f5d64d4b1cd045f2ea90c301f10cfa84e6cb7474f61bb8f90b8b551a8bb,194,14,180,180,0.9278350515463918,reported,0.55,0.855556,0.883333,0.689811
first_order_markov,ALBL-9756ee2b51bd71de0c83766a970f3e1a415810f7477491fbcac8582eb4cb2b32,117,1,116,116,0.9914529914529915,reported,0.353448,0.5,0.594828,0.484269
first_order_markov,ALBL-9a6e97105d9c2dcd37f9aa00e1e58b3712106f810dd58f474ec3d433a911bc18,231,5,226,226,0.9783549783549783,reported,0.632743,0.725664,0.800885,0.713053
first_order_markov,ALBL-9b613de436fe8c5d5f656a17086440bfd0951848ec313d090cdaa5d763f706b6,170,0,170,170,1.0,reported,0.629412,0.829412,0.882353,0.744635
first_order_markov,ALBL-9d041dfe49b31971ca7df1440a31023002ef9bfc53778672e8ebebf429a0563a,112,2,110,110,0.9821428571428571,reported,0.318182,0.572727,0.645455,0.485469
first_order_markov,ALBL-9d390795617660745271f543e07d046a1559f59554e1df74ef4dc93d904042f3,108,2,106,106,0.9814814814814815,reported,0.603774,0.716981,0.801887,0.693252
first_order_markov,ALBL-9dfbe06f93041cb9bf5f5aa68c56ce9379af282b898eed75115c36908988f75d,75,0,75,75,1.0,reported,0.68,0.786667,0.8,0.752223
first_order_markov,ALBL-9ec1ed5ae5429ec3c201bc8de841504a2e5b413a06a3aa8a963d94108be06e95,81,0,81,81,1.0,reported,0.654321,0.814815,0.888889,0.748611
first_order_markov,ALBL-a544a6bae8dc3a039e1a6690236454a235ec489b230bb6188381cf8018131cab,213,0,213,213,1.0,reported,0.450704,0.568075,0.685446,0.563251
first_order_markov,ALBL-a77568795e33c21efc2dfb2618a260e28c13560b0490be94d601be2e0d5f1dba,107,0,107,107,1.0,reported,0.542056,0.626168,0.71028,0.624756
first_order_markov,ALBL-a93087c6798ab7596000fae7b23bb99f5528ef60d41242c5914dcb12836422cf,177,1,176,176,0.9943502824858758,reported,0.613636,0.727273,0.778409,0.698975
first_order_markov,ALBL-a969c82d8811c619b763ab618ec5363279fb26d32c93efeed133750060e06d93,148,12,136,136,0.918918918918919,reported,0.551471,0.683824,0.779412,0.652377
first_order_markov,ALBL-ababccf91bd7eece0e9ec3cd599f803bff89a216bef0cd48537ae90773c5d93f,256,43,213,213,0.83203125,reported,0.544601,0.741784,0.784038,0.666937
first_order_markov,ALBL-ac709d4648f29c1d718b72ec5675ba04f5baeef5fbcc248d1a6661df48b83c94,356,11,345,345,0.9691011235955056,reported,0.350725,0.553623,0.655072,0.501501
first_order_markov,ALBL-ad0e4d83b1b91dd8dca2501c10a40db6acf0f405e34f11babd92198f6135a8f4,197,1,196,196,0.9949238578680203,reported,0.403061,0.55102,0.602041,0.517731
first_order_markov,ALBL-b05b2ef6bdc95c06ba891db690f7d2bd4fbc6bc9b317302a948bc3323352ed89,259,0,259,259,1.0,reported,0.559846,0.776062,0.822394,0.683457
first_order_markov,ALBL-b13d2c09b86f4e5afd7d5e0ed5496d8f08e8c5438ad84a7f3e398ab3d030f5e5,166,3,163,163,0.9819277108433735,reported,0.466258,0.607362,0.723926,0.591233
first_order_markov,ALBL-b2a691a1a1df18c00b161abfd5f160861921f76fd419e4a473cba62f11a6bdc2,212,1,211,211,0.9952830188679245,reported,0.668246,0.763033,0.853081,0.74332
first_order_markov,ALBL-b3dec828679c767afa3e13f22a6124b9e70b8f8a07941068f89132a6c497954b,280,3,277,277,0.9892857142857143,reported,0.411552,0.599278,0.722022,0.544675
first_order_markov,ALBL-b47259c0f8ec7dc8b05a94acb2921670b00d27d9b8e2b94848653ffd4aa9c890,99,1,98,98,0.98989898989899,reported,0.428571,0.642857,0.693878,0.567145
first_order_markov,ALBL-b4d84befc7e96dbb8387757e7d31f4727c1237610f3bd1ee0bea968bcd69b253,161,1,160,160,0.9937888198757764,reported,0.65625,0.74375,0.8125,0.73041
first_order_markov,ALBL-b531a8de7a6d0c34b19b787255885398b63fd4b92d8984404c6d5271f7d268f1,262,38,224,224,0.8549618320610687,reported,0.183036,0.366071,0.526786,0.35057
first_order_markov,ALBL-b54a07b05128f5872fa2d2cafea41ad88da5df11665216730e41d3f0d57f30ff,176,4,172,172,0.9772727272727273,reported,0.424419,0.598837,0.686047,0.554626
first_order_markov,ALBL-b63cf1e776045825584819d4a14d194bd5a31d3d26a8b732ba027e3967fb2bac,250,2,248,248,0.992,reported,0.637097,0.754032,0.818548,0.720947
first_order_markov,ALBL-b6fb9745908a9283df198b367153a16c8346bc5114b5856f9a7ffb412793e6ef,182,4,178,178,0.978021978021978,reported,0.494382,0.634831,0.730337,0.604149
first_order_markov,ALBL-b8557601edc484332b5e016a21d4bbb0916313ae828752e757fc70bab4e86dd4,180,0,180,180,1.0,reported,0.505556,0.611111,0.711111,0.605199
first_order_markov,ALBL-b8a81d5882dab810d4dd664ff0c4a3e42ed9210e093bf09047883c9c87030795,87,33,54,54,0.6206896551724138,reported,0.388889,0.462963,0.518519,0.482619
first_order_markov,ALBL-b97bd56b9ca53434dfd6bfe48b6585fffd4ce36eddfbe206e6c90faf56a9d6cd,266,11,255,255,0.9586466165413534,reported,0.45098,0.623529,0.717647,0.574472
first_order_markov,ALBL-b9e828d3b8ca5e579e7b8a6233cf2f87100a9347b43e19953a76ef2513129a7e,44,0,44,44,1.0,reported,0.590909,0.75,0.795455,0.686275
first_order_markov,ALBL-bda9bbfa89b0bd940295ad568d84d7283bdc5124046b7dd9e9f71ed328bb0828,109,0,109,109,1.0,reported,0.495413,0.587156,0.66055,0.584594
first_order_markov,ALBL-bfd7ad7c97808d56342bd0a84bb1be7d9d1b4a221d6d2ad0b5e3f2c5c8605a17,312,14,298,298,0.9551282051282052,reported,0.543624,0.714765,0.755034,0.646864
first_order_markov,ALBL-c1f982b8eb04ff36009623f8516bf6573401da3cbf9ce3a7080b5c95fe25a794,213,1,212,212,0.9953051643192489,reported,0.561321,0.726415,0.764151,0.662842
first_order_markov,ALBL-c28203421388af56e88d8f0ad4f9f31fd91f1b6e3815ee08511ee620b9046d21,90,0,90,90,1.0,reported,0.744444,0.822222,0.855556,0.802155
first_order_markov,ALBL-c4f90fc90e0c97b6dbc57501292e9b4898caa889c277d3081e18c242f774cae2,88,1,87,87,0.9886363636363636,reported,0.597701,0.666667,0.724138,0.677841
first_order_markov,ALBL-c59769af69edb396aee71a6ad277e7792d6a84c4d990757bf20412b33c8b7e24,138,5,133,133,0.9637681159420289,reported,0.37594,0.609023,0.691729,0.522708
first_order_markov,ALBL-c848d6a211291771f93cf108b05b8dc3f7b8fa0a009a6e63609a8b46233e27a4,129,0,129,129,1.0,reported,0.472868,0.604651,0.744186,0.588038
first_order_markov,ALBL-c8913c29ed1bccc83766366e0c593a46aecfcfec350af2ca425ad6fa27b75a61,109,8,101,101,0.926605504587156,reported,0.534653,0.663366,0.722772,0.641304
first_order_markov,ALBL-c8b292a6fd797d5864b6f98a4ca3145941af864722740d9be02e52bb5e4d4d14,136,1,135,135,0.9926470588235294,reported,0.414815,0.555556,0.674074,0.533126
first_order_markov,ALBL-cac4dfe45e2a4ea3c8992080944a6e0c1092bbfea9b5a129b6b007d76b168d38,168,3,165,165,0.9821428571428571,reported,0.363636,0.509091,0.648485,0.501454
first_order_markov,ALBL-cb7c78d5d00ac7147de7b814ebde9ef47d47e7961b8df535b0628bb71e594071,256,23,233,233,0.91015625,reported,0.51073,0.575107,0.660944,0.593285
first_order_markov,ALBL-cc48b376ac63f6fea6880e5372265eef198782cb91bad0382c98db1d34af89df,81,0,81,81,1.0,reported,0.518519,0.728395,0.82716,0.64121
first_order_markov,ALBL-cc5e5e267a45098cd771ea82a20f2b570a5743d6a5716f053f5cb1a8135557ea,128,4,124,124,0.96875,reported,0.483871,0.669355,0.733871,0.610077
first_order_markov,ALBL-cccdb653670a48994ebdcb438849469516c1dce56b03656b2018d90c9d7b2309,66,0,66,66,1.0,reported,0.636364,0.757576,0.818182,0.717977
first_order_markov,ALBL-cd62211172109255e518aac9c918feef626c1ec8599caa975e444bfce28c7e28,149,0,149,149,1.0,reported,0.604027,0.744966,0.812081,0.69983
first_order_markov,ALBL-cd9f7aaab55c5ae86a60abdfb037d7af75d0de0443a6fade6adadc7eeab5a80f,264,81,183,183,0.6931818181818182,reported,0.349727,0.557377,0.655738,0.502626
first_order_markov,ALBL-ce1dbed42e4ffd01b17b35012dd06687b42c427b4423c451dd09eb33b4e346a1,335,8,327,327,0.9761194029850746,reported,0.51682,0.654434,0.752294,0.619417
first_order_markov,ALBL-cec5217a1ba6f2e262da20bd31748b0bc5f4f0dcc7dbf9542cd8d69ed4719a82,121,15,106,106,0.8760330578512396,reported,0.5,0.688679,0.745283,0.620166
first_order_markov,ALBL-cf2f15a296686c84d839bd68c5e7f9f4aa3c7531a3115b6d11bb4422a06a2037,197,53,144,144,0.7309644670050761,reported,0.520833,0.652778,0.701389,0.619969
first_order_markov,ALBL-cf57a8e5d480a0b56c9f5fe5f01fab0e983c707be56f806e05dd881c68e0ca8b,165,2,163,163,0.9878787878787879,reported,0.533742,0.705521,0.736196,0.651316
first_order_markov,ALBL-d13fe9410299857cfceb924ed5d382cb03b8828be0d06b68c0ed1aae716ebc34,142,0,142,142,1.0,reported,0.507042,0.612676,0.697183,0.607006
first_order_markov,ALBL-d5c64a06881af57c8b3bbebdc3498ac503532aca055565c510801f2c4b3c1178,203,0,203,203,1.0,reported,0.497537,0.674877,0.748768,0.613988
first_order_markov,ALBL-d7a92b911b2c469f9fb85d220c4cc53811a7f280d395332df796bd1660aeeee1,264,3,261,261,0.9886363636363636,reported,0.555556,0.693487,0.750958,0.656528
first_order_markov,ALBL-d7bb01eb8d746f1f9d0a1c46bb8ab67c980a36f3fbbdf2d4671c7ce7e040539c,485,5,480,480,0.9896907216494846,reported,0.635417,0.722917,0.783333,0.708527
first_order_markov,ALBL-d979019ce70ed85f25885322d6573ee2b06fc89d5d3a312f05d0e571d3c1e6b9,104,2,102,102,0.9807692307692307,reported,0.588235,0.72549,0.77451,0.692025
first_order_markov,ALBL-da9d5eb8de99255ccb4d6af827d525b9756ed63f0144d90067a98ac15e7404e8,151,4,147,147,0.9735099337748344,reported,0.591837,0.843537,0.891156,0.723111
first_order_markov,ALBL-dc8f1d73d2a7e7197ef9aa9abc2f54ad1c65f8c859a130403d44a3acdcbdb9a7,268,27,241,241,0.8992537313432836,reported,0.639004,0.755187,0.821577,0.727912
first_order_markov,ALBL-de0f80e3bfa4aad6217752f1c1440d11228188a028dc94fa69b1f787401c2def,274,2,272,272,0.9927007299270073,reported,0.441176,0.599265,0.731618,0.567021
first_order_markov,ALBL-de2120b6e55092ce5c5aa011967ce8dcfffae11ffbb993f47bdf018134f00676,257,49,208,208,0.8093385214007782,reported,0.581731,0.725962,0.831731,0.684492
first_order_markov,ALBL-df36480d1c39db0bd7c57e8729258ffe1f0e03d719943c6ade41e38e9f4c0dcd,198,3,195,195,0.9848484848484849,reported,0.471795,0.651282,0.702564,0.591526
first_order_markov,ALBL-e3629c2151d449562136201f8da51770a96f0b5e1d3ab3324e65c4f2fe40256d,187,2,185,185,0.9893048128342246,reported,0.32973,0.481081,0.562162,0.462014
first_order_markov,ALBL-e36a821d097c02334c1e15e0e35e40107b21fac23a4c1d89fe9b45f1030533c5,172,0,172,172,1.0,reported,0.505814,0.668605,0.715116,0.613626
first_order_markov,ALBL-e40ca6e7685b01b18b567faf579406988813bbc01e8d2aad140f8c9ed0986691,125,0,125,125,1.0,reported,0.52,0.64,0.752,0.617602
first_order_markov,ALBL-e46eba02dd6aeba07ab93fe500e9c0e763b4d30e10187dc7876ef527c9fca822,217,18,199,199,0.9170506912442397,reported,0.502513,0.59799,0.678392,0.595663
first_order_markov,ALBL-e60d314b51617b1122c7504e84f6cb188d601755a9f3ed2bf60c18533f42c483,97,0,97,97,1.0,reported,0.505155,0.71134,0.762887,0.629236
first_order_markov,ALBL-e72e4ade8d97665aa4a2256764cb353dfa64deccf822922b70f06d7ee29f3c94,118,1,117,117,0.9915254237288136,reported,0.487179,0.623932,0.700855,0.59473
first_order_markov,ALBL-e85609f71a45bee71a1f0d38eca2780c52910c2125d64d1cc060c4aa63cb4114,342,7,335,335,0.97953216374269,reported,0.471642,0.620896,0.704478,0.586443
first_order_markov,ALBL-e9a4c85e9728ea650fe95413c3e3e10896819996b77097c55e8b48164ad00e35,139,1,138,138,0.9928057553956835,reported,0.557971,0.753623,0.84058,0.686044
first_order_markov,ALBL-eb108f2c1f83074b207ab2be2d7d69c06e433803fec18042e383702c08ae6036,133,2,131,131,0.9849624060150376,reported,0.29771,0.557252,0.671756,0.466402
first_order_markov,ALBL-ebe5f9209243e8cc0730f985167ab1298e9e6b87f738cbdaaa2789cd93dc9812,125,1,124,124,0.992,reported,0.467742,0.66129,0.798387,0.601489
first_order_markov,ALBL-ec1a6a5ce2ff06a97a913a555309205d1ec638937f61e263acda0f10b28e85aa,131,8,123,123,0.9389312977099237,reported,0.471545,0.666667,0.756098,0.594647
first_order_markov,ALBL-ec3093fcb691301b6cc4a5e0a5c9ee093e661b6b35b618255b5590bc4b0c8826,175,21,154,154,0.88,reported,0.538961,0.694805,0.818182,0.657392
first_order_markov,ALBL-ecfef7f6f92be0e12b16b1883492c5074fcebcc87b380e577cea3d43f25ef6df,355,6,349,349,0.9830985915492958,reported,0.538682,0.65043,0.739255,0.636392
first_order_markov,ALBL-ee761957fd84d9c113ca2d9014b1d2209def3e6742e7c877eae5c8bdcb8b533e,130,1,129,129,0.9923076923076923,reported,0.496124,0.689922,0.806202,0.624311
first_order_markov,ALBL-ef963e525bebe48fd785903ab976c726352c21df455380b64bd62eb74a2ae1b4,233,1,232,232,0.9957081545064378,reported,0.487069,0.599138,0.668103,0.584498
first_order_markov,ALBL-f01c232566c50c600194af8656475231127091412b8ac4819d979c7595e78db3,334,0,334,334,1.0,reported,0.601796,0.727545,0.793413,0.692401
first_order_markov,ALBL-f13232ac4d20a03d1895a207e1d242b71a0fff71fc387a2dce2728146c4583ea,130,0,130,130,1.0,reported,0.553846,0.746154,0.784615,0.672869
first_order_markov,ALBL-f17a363490fbf411d96b103d956dc0fa2f5ffeed1ce475e10c0db695c00b516d,215,5,210,210,0.9767441860465116,reported,0.566667,0.661905,0.752381,0.65438
first_order_markov,ALBL-f1d17edd22455d0bb54bc9f551890a1040c9af1b1f7c4e516f53bb4c5cd7ad5b,208,3,205,205,0.9855769230769231,reported,0.458537,0.62439,0.721951,0.582608
first_order_markov,ALBL-f5b44700d88df27400bbc80123221c3d4510d850e6f6494eb136693cd655b7fa,77,9,68,68,0.8831168831168831,reported,0.235294,0.411765,0.529412,0.389871
first_order_markov,ALBL-f5c838e8479f7115b41dccc8470f0a7bf4f9af29972a3900d66118cbac0f88b3,95,0,95,95,1.0,reported,0.515789,0.663158,0.747368,0.626054
first_order_markov,ALBL-f6c453a4cec050452655cd7fefbae80257efb4583635d09d28721f006bc73813,165,0,165,165,1.0,reported,0.430303,0.636364,0.684848,0.551571
first_order_markov,ALBL-f7d16738e8a0e28cd1e8432bc528a43c0b30e4480724c7c5ec7308ebd620c3bc,66,0,66,66,1.0,reported,0.787879,0.893939,0.939394,0.852165
first_order_markov,ALBL-f82592dd2f2843d995b82060d966ef0133424aae05676b853f6742afe8e0a878,215,6,209,209,0.9720930232558139,reported,0.464115,0.593301,0.76555,0.577512
first_order_markov,ALBL-fc83eb0c2b9caf7b6655f612f98b6c57a3a90e33dadb1e65cb5c8eaae604cd5a,56,0,56,56,1.0,reported,0.446429,0.553571,0.642857,0.54955
first_order_markov,ALBL-fd0a058a50b05e2475b35bc7a53f2535fc78c8526b94226cb77723f1e78637ef,114,37,77,77,0.6754385964912281,reported,0.402597,0.545455,0.688312,0.533794
first_order_markov,ALBL-fddf535e5b713884564473e370696e9d3ff93e4f56e8f974e38c66f522386646,248,8,240,240,0.967741935483871,reported,0.429167,0.5875,0.695833,0.555957
first_order_markov,ALBL-ffa5a6949797a99fe90a6aae5ad6a788e26cd47439ea35eaf1e71c156dd3a765,43,0,43,43,1.0,reported,0.604651,0.697674,0.744186,0.673056
flat_sgd_logistic_context,ALBL-0261b0368c5af1b8ccdaeccbab00785624e008ac644429d8d84947f16a8e1246,31,0,31,31,1.0,reported,0.548387,0.870968,0.903226,0.717266
flat_sgd_logistic_context,ALBL-05027a559ca8274e1af58649dead83910cf96e6bbae590d148a5efe5010ede07,156,3,153,153,0.9807692307692307,reported,0.509804,0.751634,0.810458,0.649616
flat_sgd_logistic_context,ALBL-05fe1effba76833f120b714fd0141df46b7970d83c822c8a91201585ff6bb5ea,31,0,31,31,1.0,reported,0.419355,0.741935,0.806452,0.601126
flat_sgd_logistic_context,ALBL-0828f126ccf0c88bdf414c410611374063d1ab6c756389b0c253efbbab6dcd4d,478,12,466,466,0.9748953974895398,reported,0.487124,0.706009,0.774678,0.628156
flat_sgd_logistic_context,ALBL-0929cce7f34a4cdb493f568ffaa9af65e0d1e65bd213ca7ccc8238383301f5d9,188,3,185,185,0.9840425531914894,reported,0.567568,0.745946,0.837838,0.685449
flat_sgd_logistic_context,ALBL-0a1a532fbfe9b4e01ba4d08dc1af1a73c305efb613a891a1b1339cbc2ef41bdc,194,3,191,191,0.9845360824742269,reported,0.628272,0.759162,0.806283,0.718589
flat_sgd_logistic_context,ALBL-0b0fe4f2cc23badddb1c1ebb33c22cc45c6f41924b2d4b3172d8625fc7f6e4b2,337,4,333,333,0.9881305637982196,reported,0.384384,0.555556,0.63964,0.517245
flat_sgd_logistic_context,ALBL-0b85ce543a1bd0918047e0b04b3122ff8c8ac71a59f415e4b7185b7267f32139,112,3,109,109,0.9732142857142857,reported,0.614679,0.807339,0.825688,0.729158
flat_sgd_logistic_context,ALBL-0c1cbb0aa0ebc67715d27ebbaf942ec5de9ebbfedcb37cbdbf03fba067fee404,150,0,150,150,1.0,reported,0.52,0.713333,0.833333,0.651338
flat_sgd_logistic_context,ALBL-0d10d90fcd6f9613167e94880a655155a1e2d6351e228824fcf59988dfbdd8f6,337,49,288,288,0.8545994065281899,reported,0.510417,0.659722,0.753472,0.621136
flat_sgd_logistic_context,ALBL-0e0e8e661f2739ca41959d3626f404f85140a2cbdc6d8ed229931879550ab46e,244,2,242,242,0.9918032786885246,reported,0.495868,0.669421,0.752066,0.615135
flat_sgd_logistic_context,ALBL-0fad1a0628b44667e6d7ea5400c1265783ad07b0e8a6f5e211f741bc5456eff8,297,46,251,251,0.8451178451178452,reported,0.474104,0.657371,0.733068,0.604701
flat_sgd_logistic_context,ALBL-1136c276f991eb3cba877aef2044b57a9b940feb6a4d3695540916113c5aafd5,61,6,55,55,0.9016393442622951,reported,0.454545,0.709091,0.836364,0.613945
flat_sgd_logistic_context,ALBL-11f90a8c55fbe0699911c1c19ab4046d0a93a992a97ac914cf60449351307a39,193,2,191,191,0.9896373056994818,reported,0.643979,0.764398,0.816754,0.728711
flat_sgd_logistic_context,ALBL-1347d8cb47ac4267756940fe68d3c6c4fc79c584d4f4a8b7761c7981696c39c2,132,1,131,131,0.9924242424242424,reported,0.526718,0.70229,0.755725,0.643642
flat_sgd_logistic_context,ALBL-1753897f8c66389b862ec914699598c03d64c509e330ce87a7421c9325a0ac9f,145,1,144,144,0.993103448275862,reported,0.555556,0.645833,0.777778,0.649577
flat_sgd_logistic_context,ALBL-17684bc3770d1aec5c2bd652a8807086eae2d17921537773d7065a03fe954aab,93,1,92,92,0.989247311827957,reported,0.467391,0.673913,0.728261,0.609674
flat_sgd_logistic_context,ALBL-17a705471f9603aa36a32eccd5a72e57b03ee08200a8ee9b075466924284be0d,98,7,91,91,0.9285714285714286,reported,0.43956,0.571429,0.703297,0.560929
flat_sgd_logistic_context,ALBL-1966ab7fbcd7e029e5d23d46e16dd169141761a81c9ccb7ad58233a524454fd5,19,16,3,3,0.15789473684210525,suppressed_below_20_events,,,,
flat_sgd_logistic_context,ALBL-1977978993b2949e4425ba3d1e00a27af4ff44e6123be893f0fff6439f76e7e3,483,59,424,424,0.8778467908902692,reported,0.436321,0.629717,0.705189,0.570523
flat_sgd_logistic_context,ALBL-19be539ea558fbcef5a22605c16c9872520ccad409f3e1624e7105b28a7760cb,25,0,25,25,1.0,reported,0.16,0.24,0.28,0.273291
flat_sgd_logistic_context,ALBL-19e6d081ff62ae40b3e88e22cef1e5d0ec872a8e6f3866590efc6d45eb909d16,126,0,126,126,1.0,reported,0.539683,0.698413,0.761905,0.643448
flat_sgd_logistic_context,ALBL-1a992211d5b1262263ca23d60bf8d7103e1eba254b60f9e0e0a05617ae61dc4f,147,0,147,147,1.0,reported,0.326531,0.646259,0.809524,0.529583
flat_sgd_logistic_context,ALBL-1c521aa5918a7c228d52dd39e33749ac1ed6902f61bfed0d6daaa3c3adfc4357,328,57,271,271,0.8262195121951219,reported,0.416974,0.656827,0.752768,0.576551
flat_sgd_logistic_context,ALBL-1f58a6ffe8bece560a2d7cd3f95b1c5fedac73381c77a301c279e6c79036b7f0,68,0,68,68,1.0,reported,0.661765,0.897059,0.911765,0.790815
flat_sgd_logistic_context,ALBL-1f7fed06b8efb360d17055fb5863e54d09a25560e048c3bf2ee01153da3c93c4,205,0,205,205,1.0,reported,0.6,0.756098,0.804878,0.701532
flat_sgd_logistic_context,ALBL-23cc9ad5656ade82d0585fba15746eec8fbcbb8ecbcd883d7fc885d404d1478b,26,0,26,26,1.0,reported,0.615385,0.807692,0.846154,0.726754
flat_sgd_logistic_context,ALBL-247a321492792bdb57c32c163643edba2d15422f23a86af468d8f0bfb5c89077,262,2,260,260,0.9923664122137404,reported,0.296154,0.534615,0.669231,0.471143
flat_sgd_logistic_context,ALBL-24ab2db65ff01b86f7df8f18130ad4db0b5a038f7c40263e75fb0b0dc7213232,70,0,70,70,1.0,reported,0.314286,0.571429,0.657143,0.479983
flat_sgd_logistic_context,ALBL-24b00b86757b8524f811b193bdeb83ef1329a0c57055807a6ded111fa42e68f3,139,5,134,134,0.9640287769784173,reported,0.567164,0.776119,0.843284,0.692892
flat_sgd_logistic_context,ALBL-255b39be5ec120d92543e4e21dc87011282877c2b9e48c00579662e497eb22d4,64,1,63,63,0.984375,reported,0.333333,0.52381,0.603175,0.470036
flat_sgd_logistic_context,ALBL-275cbdad252f54c6748319f45ee0a8a3135340327f40dfd3f83e5b261bcad5df,93,0,93,93,1.0,reported,0.505376,0.677419,0.763441,0.616425
flat_sgd_logistic_context,ALBL-275d6c06b34fc1ede399aff72db03e76929b074ec212f94453d28ff922f95804,264,1,263,263,0.9962121212121212,reported,0.562738,0.749049,0.806084,0.677704
flat_sgd_logistic_context,ALBL-2807b98ea33a2a358a5e75262d1634d94c6402340cb7f15b88794a34f694ba24,158,33,125,125,0.7911392405063291,reported,0.448,0.744,0.776,0.607933
flat_sgd_logistic_context,ALBL-284f21f38fb89fffc6231f1c8e4e864ddfb421bed3792bc18e665896dd0864c9,260,96,164,164,0.6307692307692307,reported,0.5,0.689024,0.77439,0.623067
flat_sgd_logistic_context,ALBL-2af009abc260058ed488c3cc5bd979e4028fa2b64a389c66f06c6ef5e8743d9a,249,1,248,248,0.9959839357429718,reported,0.479839,0.733871,0.798387,0.630932
flat_sgd_logistic_context,ALBL-2b47111c3ae429f7fd49243653f4b70387bf44642bbb3d8c30fd5cc8b8063b34,171,0,171,171,1.0,reported,0.526316,0.74269,0.830409,0.664592
flat_sgd_logistic_context,ALBL-2c0d33cebcdf6b69c4dbde5486faeab809292ba09e1c547ffa0bffdbf69312ac,215,1,214,214,0.9953488372093023,reported,0.61215,0.78972,0.841121,0.720832
flat_sgd_logistic_context,ALBL-2c4757a584ada65232fd4e1061bb867f3e2341823f769a11a3ad84438bfe03a6,27,0,27,27,1.0,reported,0.777778,0.851852,0.851852,0.817811
flat_sgd_logistic_context,ALBL-2c8bc6640d674fb0494ab3a0352bfacdd7243a34c724124ee036737fd0d39b2d,128,2,126,126,0.984375,reported,0.428571,0.690476,0.801587,0.593002
flat_sgd_logistic_context,ALBL-2cd7183a0cf674ea30188d5d0032a7ba17c2775bd7ee862325f9ed98d3d5ee1f,427,2,425,425,0.9953161592505855,reported,0.418824,0.604706,0.710588,0.556073
flat_sgd_logistic_context,ALBL-2e810b55afb91280b967725073e8e9dee97ffc7e57519fa876a5eef1c60b2833,104,1,103,103,0.9903846153846154,reported,0.708738,0.854369,0.883495,0.792592
flat_sgd_logistic_context,ALBL-2f8b2ec6bcd75a5e76215bbd5e2e95d25bed68c81acf7ea38f86e111ac5ced35,258,18,240,240,0.9302325581395349,reported,0.4,0.608333,0.7125,0.54445
flat_sgd_logistic_context,ALBL-3031bd18d220db6520e49505d607f0577ab0291d63ca904ef8c75c6e35e6d3fc,256,1,255,255,0.99609375,reported,0.431373,0.6,0.682353,0.560142
flat_sgd_logistic_context,ALBL-30f7e60627845f9d0fd4aec317723f5156cbb07ff715a9b98385f64c558bd2fa,126,0,126,126,1.0,reported,0.531746,0.65873,0.722222,0.637394
flat_sgd_logistic_context,ALBL-314c2bafd9ac4593acb1cd858e97edf4ad5631f78cb356ce14019e732aa2ae48,139,1,138,138,0.9928057553956835,reported,0.514493,0.746377,0.818841,0.654516
flat_sgd_logistic_context,ALBL-33f39cebde978ce9aa6e4c3876032ec25f0e8d1871843f6f21ed6dd57e8d7d4a,221,26,195,195,0.8823529411764706,reported,0.4,0.594872,0.712821,0.545341
flat_sgd_logistic_context,ALBL-3516aca92330ace937d4d66d19489d317129d236c505c76c829d30f582c702ec,329,0,329,329,1.0,reported,0.425532,0.662614,0.781155,0.576234
flat_sgd_logistic_context,ALBL-36142f7c7512775b0003e10735d3704a243836ce608ddce5ec55d2a9d3b46add,37,2,35,35,0.9459459459459459,reported,0.542857,0.714286,0.742857,0.65021
flat_sgd_logistic_context,ALBL-36c9800bd02cf448b8d1cfd748568b7250020c76eac2b09be6443266d3246492,61,0,61,61,1.0,reported,0.52459,0.704918,0.754098,0.638446
flat_sgd_logistic_context,ALBL-370cf8dec91c8c759d3d4eabfdc7f5c2fda07290e95e14f5731c2a18724159db,33,0,33,33,1.0,reported,0.181818,0.393939,0.545455,0.349918
flat_sgd_logistic_context,ALBL-377b054a1f71b14c70428b5910256bbb843ebcec24665eff55383c467e7c9df7,328,6,322,322,0.9817073170731707,reported,0.496894,0.757764,0.826087,0.652356
flat_sgd_logistic_context,ALBL-37f6eb87430a0b1d7a66bf0a89dab1ed85cf84803d73bee23b3b94e50f1a71be,135,0,135,135,1.0,reported,0.577778,0.785185,0.866667,0.708114
flat_sgd_logistic_context,ALBL-37ff92a2c4a991915f72decba88e5b2eded6f8d585460ca3c198988ae1274572,291,4,287,287,0.9862542955326461,reported,0.38676,0.599303,0.700348,0.533363
flat_sgd_logistic_context,ALBL-3aea2c0801f6f0a6142d4a1b36a638bf2b641a219dfd7ac90ea19346b4e1c1ea,29,0,29,29,1.0,reported,0.965517,0.965517,1.0,0.972414
flat_sgd_logistic_context,ALBL-3dab537bbce562a80504255944b4f84168fe4cdfe736c5f5569088ee394644b6,267,1,266,266,0.9962546816479401,reported,0.545113,0.699248,0.785714,0.655629
flat_sgd_logistic_context,ALBL-3e8052851c5f2da0234ba405219252f0ffdf30904c8807e3dfdbe6d44d5b2ade,91,1,90,90,0.989010989010989,reported,0.544444,0.711111,0.822222,0.66192
flat_sgd_logistic_context,ALBL-3ee93b4fbf1fe5935538066bfee5c8fc4d55b7308cfe1dbf78748e19528345f6,81,2,79,79,0.9753086419753086,reported,0.518987,0.810127,0.848101,0.670352
flat_sgd_logistic_context,ALBL-3f8544460dad7df697f7b1dfe3ceb76f8ee9fee329dff53487a2ff31ae594765,372,2,370,370,0.9946236559139785,reported,0.508108,0.745946,0.802703,0.652104
flat_sgd_logistic_context,ALBL-3ff74c075ec5c2e5728f2ff0bfb20cf17699329068612d45293b05554df57030,269,6,263,263,0.9776951672862454,reported,0.448669,0.604563,0.726236,0.571585
flat_sgd_logistic_context,ALBL-410bedcb3af781aedd8b01993423c88b246553bed5edec02764821357bfb3ad5,0,0,0,0,0.0,no_leakage_safe_test_events,,,,
flat_sgd_logistic_context,ALBL-416efb901b78e0dac353a88963abd0a86b5207467dd399395d3c77f99460a215,103,1,102,102,0.9902912621359223,reported,0.529412,0.705882,0.764706,0.641742
flat_sgd_logistic_context,ALBL-4351325bff68d9ba2013f7254620f426c6d51a30ec2bb8dae4c1d2c8017071f4,281,1,280,280,0.99644128113879,reported,0.535714,0.771429,0.828571,0.671456
flat_sgd_logistic_context,ALBL-449c15c13efcf3a854c22dfa004716e1293d43fb1853aea6c0bab03d10c4c10b,66,0,66,66,1.0,reported,0.5,0.757576,0.772727,0.64154
flat_sgd_logistic_context,ALBL-45fb690b1fa5ef0d23dbeb44ff194f49e6899ee138d850ccb0f8ca44cf44f801,113,0,113,113,1.0,reported,0.477876,0.752212,0.80531,0.644243
flat_sgd_logistic_context,ALBL-4643ced8fed4e5f7ffe92d53e345a6e445386087a66e90051378e206de8a183f,224,2,222,222,0.9910714285714286,reported,0.572072,0.747748,0.81982,0.686285
flat_sgd_logistic_context,ALBL-477d40bab9415c1e1fc116f4efe1cd52564f26aef849d2f13bb16fcde179180b,295,1,294,294,0.9966101694915255,reported,0.5,0.717687,0.77551,0.635533
flat_sgd_logistic_context,ALBL-4ee2de733107bf496cb129ee93841693210261129915ba651cc3fbb0b18de05c,152,2,150,150,0.9868421052631579,reported,0.473333,0.606667,0.766667,0.593742
flat_sgd_logistic_context,ALBL-50741b2ec0bf3af4af14534601eb2b25106535e1be6e7fa756e6062fa54090e3,521,1,520,520,0.9980806142034548,reported,0.455769,0.646154,0.728846,0.588853
flat_sgd_logistic_context,ALBL-5588dea76589911df854bcd8ae85996bb26f89521d661f3f591f4f339057cd55,47,0,47,47,1.0,reported,0.702128,0.765957,0.808511,0.759618
flat_sgd_logistic_context,ALBL-57e56d22dd85362bb8105570741eef2f726eab5029f9510bb149e289c1cdb362,207,1,206,206,0.9951690821256038,reported,0.504854,0.674757,0.771845,0.628276
flat_sgd_logistic_context,ALBL-58317e7308fa764165b4d6a3ef2e233753924b1bb3544048ceb57650a8fa89cb,103,1,102,102,0.9902912621359223,reported,0.490196,0.666667,0.754902,0.620342
flat_sgd_logistic_context,ALBL-58b4f98bab37d9f291c25b06ba57304d2b1c689dcc25c63e4ff642ab5584d304,134,2,132,132,0.9850746268656716,reported,0.401515,0.590909,0.636364,0.53924
flat_sgd_logistic_context,ALBL-591263eefafdb52e5702e00434d710421ec77268e1974ea65c6faf003f8b94b8,20,0,20,20,1.0,reported,0.6,0.75,0.75,0.679567
flat_sgd_logistic_context,ALBL-5df3b41d45a211caed7ddd24c3951c2e6837ab2f5322ab023300850d02ea1a5e,65,0,65,65,1.0,reported,0.553846,0.753846,0.830769,0.678182
flat_sgd_logistic_context,ALBL-5fd79266de1ca82a6a701b7b65788f6a770a569318a1351825159d92cf867337,211,0,211,211,1.0,reported,0.516588,0.729858,0.819905,0.651879
flat_sgd_logistic_context,ALBL-60e338cff4ca7d43b678b87ac6d0bc2923b2b774e88285998ea805732a13bc86,103,1,102,102,0.9902912621359223,reported,0.401961,0.676471,0.72549,0.570626
flat_sgd_logistic_context,ALBL-624809a8c6f31530a20bced12f8eeb4a5292640bdb87ef4a277476da24a07d28,139,1,138,138,0.9928057553956835,reported,0.471014,0.65942,0.775362,0.602871
flat_sgd_logistic_context,ALBL-6333d5595ce07957878659758f2179f94c4e244fc91a624bad260e48824e6d0a,150,41,109,109,0.7266666666666667,reported,0.422018,0.706422,0.798165,0.597696
flat_sgd_logistic_context,ALBL-6470d1206d77a5344903490c8022085d5434995cb18f11140acf297a51a4c0f7,186,1,185,185,0.9946236559139785,reported,0.589189,0.718919,0.810811,0.688705
flat_sgd_logistic_context,ALBL-64b99f305e19727a83cafde426896191340dac22d1096e0014290657b528110b,96,2,94,94,0.9791666666666666,reported,0.5,0.606383,0.712766,0.60366
flat_sgd_logistic_context,ALBL-653f823573f2940bf2c73dfbdb26faef76f3062d797274a12eade0e8fd765269,297,24,273,273,0.9191919191919192,reported,0.490842,0.695971,0.750916,0.619843
flat_sgd_logistic_context,ALBL-65f4c44000b0b3238b828e0cf5c3707b1e174d6799866358fb0a3a8f41ea30c0,103,0,103,103,1.0,reported,0.339806,0.61165,0.757282,0.512498
flat_sgd_logistic_context,ALBL-668adef71637ce73ed0d6930da3df75035de7b9f85a5b5d81a63482870edf608,198,1,197,197,0.9949494949494949,reported,0.477157,0.664975,0.756345,0.610892
flat_sgd_logistic_context,ALBL-674cdf7bedf87c3a984532f3b6d1e7baeeab9de3979127e45718e65f125c5971,137,1,136,136,0.9927007299270073,reported,0.492647,0.647059,0.735294,0.610254
flat_sgd_logistic_context,ALBL-684afcd741ce3fa6d145edabeaaa08c1ac47e5ba86fdc114798bd81786f5418b,38,3,35,35,0.9210526315789473,reported,0.628571,0.828571,0.885714,0.729322
flat_sgd_logistic_context,ALBL-68861076b744e959ac73e2117efa8b1b2b9c67339252c49fa74c306ae22b118d,135,6,129,129,0.9555555555555556,reported,0.666667,0.821705,0.875969,0.757666
flat_sgd_logistic_context,ALBL-696c842e3ed9a1f7ab0284130f1a3ca48afd3efbd581178c263a594bd6158db6,100,1,99,99,0.99,reported,0.59596,0.818182,0.828283,0.713906
flat_sgd_logistic_context,ALBL-69e09ca6ec075c702c80bc29a4f0403c9282b9293273e8873970444db978c065,182,0,182,182,1.0,reported,0.401099,0.686813,0.758242,0.561831
flat_sgd_logistic_context,ALBL-6e2c5eea321edcf85b9bddb1be052f37af0d813916ec5db39e7691ed75c22ca0,410,54,356,356,0.8682926829268293,reported,0.432584,0.66573,0.744382,0.583799
flat_sgd_logistic_context,ALBL-6e584511c3d847a8b7353a50064bbcc569da3e403933cbb51e8a88e2c4fc8f77,115,1,114,114,0.991304347826087,reported,0.464912,0.649123,0.763158,0.596898
flat_sgd_logistic_context,ALBL-6fb00601b23592ac5bee90a3557f53be2b8b4a9e01b50bedf6a92a352e1c4d6b,279,0,279,279,1.0,reported,0.512545,0.756272,0.83871,0.657972
flat_sgd_logistic_context,ALBL-71fc091f8fa9a5349caa201a162fd2a9e7fac847ff925da52daae602b7456737,184,3,181,181,0.9836956521739131,reported,0.596685,0.779006,0.839779,0.712968
flat_sgd_logistic_context,ALBL-725a8caf4f4132e9734ee50844d011d83670da8006b97d5c112f6e33134115ff,206,8,198,198,0.9611650485436893,reported,0.444444,0.666667,0.747475,0.584514
flat_sgd_logistic_context,ALBL-73c8a1a36223a670dc4911fa645f78397410791c1681cf627e1903abaceeedf8,201,0,201,201,1.0,reported,0.393035,0.542289,0.656716,0.522345
flat_sgd_logistic_context,ALBL-758c40daaf5aa99c2bb61b302d6a7e854353d6b58df940ac091ecf62f863018c,99,0,99,99,1.0,reported,0.434343,0.666667,0.686869,0.576422
flat_sgd_logistic_context,ALBL-7623ac04cbb961b36d61bf66b703c428420edf9b13d991e454601fa6c6d792ce,0,0,0,0,0.0,no_leakage_safe_test_events,,,,
flat_sgd_logistic_context,ALBL-7780937cebdf3a7fdf84d6f6de9953c0fd0540f37d1f306578ffeef94a098ca4,164,27,137,137,0.8353658536585366,reported,0.459854,0.686131,0.751825,0.592875
flat_sgd_logistic_context,ALBL-792d55b0a19edfc124c50aba34e23dc8797d058ad9d19feb36f247dd21034d18,117,2,115,115,0.9829059829059829,reported,0.53913,0.704348,0.8,0.645932
flat_sgd_logistic_context,ALBL-794d5a373c990e135a5ac3527a23c5c8c9431cb100be6cc02eaab0e303e3160e,253,2,251,251,0.9920948616600791,reported,0.545817,0.729084,0.788845,0.659235
flat_sgd_logistic_context,ALBL-7ad638af3a35b7d111f62ea5b56a127ec4dbcf5cd86cc213bda8cd999a257ec9,94,4,90,90,0.9574468085106383,reported,0.244444,0.522222,0.633333,0.437586
flat_sgd_logistic_context,ALBL-7ba722009dee968fea666826254e4d7047ee83b9c2b6439061df005b6dfa14bf,240,0,240,240,1.0,reported,0.6,0.725,0.808333,0.695645
flat_sgd_logistic_context,ALBL-7d11225e8215022166cdd99505ba4f36a0b1b68bf5f51c1a126237b869768989,217,4,213,213,0.9815668202764977,reported,0.502347,0.746479,0.798122,0.638552
flat_sgd_logistic_context,ALBL-7e9a60002d7d27bc747175d30b340b7dc85f9fd3a264c05f42b5130737e9af57,145,2,143,143,0.9862068965517241,reported,0.692308,0.846154,0.93007,0.786994
flat_sgd_logistic_context,ALBL-7f3967d3975472e31ce4362dd92a45b49955b2ff273e500482ac5b4118c331c8,166,0,166,166,1.0,reported,0.355422,0.572289,0.692771,0.513004
flat_sgd_logistic_context,ALBL-7f9d51b2153da108c09e27e39e0e3563c5aac119a896eeb929e827f8f1bea542,236,0,236,236,1.0,reported,0.542373,0.728814,0.800847,0.660594
flat_sgd_logistic_context,ALBL-800378ed0482ee65717309245d95ab4ddd74395ddce9272aa4a50433bad833f6,345,54,291,291,0.8434782608695652,reported,0.446735,0.687285,0.773196,0.597629
flat_sgd_logistic_context,ALBL-803895061e7d1b3ae418c5489b90e87ba8b5ba8c6694f214cd7ef630b40dd204,123,0,123,123,1.0,reported,0.634146,0.788618,0.837398,0.734512
flat_sgd_logistic_context,ALBL-84fcfdcf1ab20bc4908a76b2515756f6ec5f78984423e012859049c91ef1f807,35,0,35,35,1.0,reported,0.4,0.714286,0.8,0.579813
flat_sgd_logistic_context,ALBL-851b250b2304762b91768b5123950704538062116628ddfaa11d82ce5c5be520,216,3,213,213,0.9861111111111112,reported,0.661972,0.821596,0.873239,0.758245
flat_sgd_logistic_context,ALBL-87844eb828b520c40f25c1c11d6bfe17d5bac7ac4cee3d7db6c8c804e9846918,29,0,29,29,1.0,reported,0.275862,0.413793,0.517241,0.416721
flat_sgd_logistic_context,ALBL-89fcef5d9b763073e8b54afa5ed7fe58f06329b1fc1223fea93047e30703f75a,235,8,227,227,0.9659574468085106,reported,0.550661,0.678414,0.76652,0.655771
flat_sgd_logistic_context,ALBL-8fe67f1bb9fc285a22c50d0d4d43b33ead424009b4de8dfeab0a3ddddc5c6e1e,231,3,228,228,0.987012987012987,reported,0.486842,0.635965,0.754386,0.60533
flat_sgd_logistic_context,ALBL-9033c77c9bc50aacd1b2d8eb24227fe8142eb884573a498b41f5a89be7f0f5a3,268,12,256,256,0.9552238805970149,reported,0.332031,0.582031,0.675781,0.497757
flat_sgd_logistic_context,ALBL-904fcc2d59908c38ed9f59b6a90b30096342461e51a746e515da335e08b6cf49,266,6,260,260,0.9774436090225563,reported,0.423077,0.669231,0.761538,0.575777
flat_sgd_logistic_context,ALBL-9058dcff6afd9940ff9cce807bf7bc883fe6f6d183c5e0958cba710bfa814a13,183,1,182,182,0.994535519125683,reported,0.489011,0.686813,0.796703,0.633528
flat_sgd_logistic_context,ALBL-91e7e3cdbb244167ab7bd584a228ec96d1798f373702980135847af0b640afa5,294,9,285,285,0.9693877551020408,reported,0.470175,0.621053,0.705263,0.590309
flat_sgd_logistic_context,ALBL-93a39f5d64d4b1cd045f2ea90c301f10cfa84e6cb7474f61bb8f90b8b551a8bb,194,14,180,180,0.9278350515463918,reported,0.55,0.838889,0.9,0.691364
flat_sgd_logistic_context,ALBL-9756ee2b51bd71de0c83766a970f3e1a415810f7477491fbcac8582eb4cb2b32,117,1,116,116,0.9914529914529915,reported,0.353448,0.586207,0.672414,0.509674
flat_sgd_logistic_context,ALBL-9a6e97105d9c2dcd37f9aa00e1e58b3712106f810dd58f474ec3d433a911bc18,231,5,226,226,0.9783549783549783,reported,0.623894,0.721239,0.814159,0.705059
flat_sgd_logistic_context,ALBL-9b613de436fe8c5d5f656a17086440bfd0951848ec313d090cdaa5d763f706b6,170,0,170,170,1.0,reported,0.647059,0.876471,0.905882,0.772068
flat_sgd_logistic_context,ALBL-9d041dfe49b31971ca7df1440a31023002ef9bfc53778672e8ebebf429a0563a,112,2,110,110,0.9821428571428571,reported,0.336364,0.636364,0.718182,0.516266
flat_sgd_logistic_context,ALBL-9d390795617660745271f543e07d046a1559f59554e1df74ef4dc93d904042f3,108,2,106,106,0.9814814814814815,reported,0.59434,0.801887,0.830189,0.706453
flat_sgd_logistic_context,ALBL-9dfbe06f93041cb9bf5f5aa68c56ce9379af282b898eed75115c36908988f75d,75,0,75,75,1.0,reported,0.68,0.84,0.866667,0.777737
flat_sgd_logistic_context,ALBL-9ec1ed5ae5429ec3c201bc8de841504a2e5b413a06a3aa8a963d94108be06e95,81,0,81,81,1.0,reported,0.666667,0.802469,0.851852,0.755165
flat_sgd_logistic_context,ALBL-a544a6bae8dc3a039e1a6690236454a235ec489b230bb6188381cf8018131cab,213,0,213,213,1.0,reported,0.460094,0.694836,0.732394,0.606926
flat_sgd_logistic_context,ALBL-a77568795e33c21efc2dfb2618a260e28c13560b0490be94d601be2e0d5f1dba,107,0,107,107,1.0,reported,0.542056,0.663551,0.719626,0.631967
flat_sgd_logistic_context,ALBL-a93087c6798ab7596000fae7b23bb99f5528ef60d41242c5914dcb12836422cf,177,1,176,176,0.9943502824858758,reported,0.619318,0.738636,0.784091,0.698464
flat_sgd_logistic_context,ALBL-a969c82d8811c619b763ab618ec5363279fb26d32c93efeed133750060e06d93,148,12,136,136,0.918918918918919,reported,0.529412,0.705882,0.794118,0.65349
flat_sgd_logistic_context,ALBL-ababccf91bd7eece0e9ec3cd599f803bff89a216bef0cd48537ae90773c5d93f,256,43,213,213,0.83203125,reported,0.502347,0.788732,0.826291,0.663011
flat_sgd_logistic_context,ALBL-ac709d4648f29c1d718b72ec5675ba04f5baeef5fbcc248d1a6661df48b83c94,356,11,345,345,0.9691011235955056,reported,0.35942,0.573913,0.698551,0.515523
flat_sgd_logistic_context,ALBL-ad0e4d83b1b91dd8dca2501c10a40db6acf0f405e34f11babd92198f6135a8f4,197,1,196,196,0.9949238578680203,reported,0.418367,0.678571,0.729592,0.577613
flat_sgd_logistic_context,ALBL-b05b2ef6bdc95c06ba891db690f7d2bd4fbc6bc9b317302a948bc3323352ed89,259,0,259,259,1.0,reported,0.555985,0.787645,0.868726,0.693282
flat_sgd_logistic_context,ALBL-b13d2c09b86f4e5afd7d5e0ed5496d8f08e8c5438ad84a7f3e398ab3d030f5e5,166,3,163,163,0.9819277108433735,reported,0.466258,0.674847,0.748466,0.60981
flat_sgd_logistic_context,ALBL-b2a691a1a1df18c00b161abfd5f160861921f76fd419e4a473cba62f11a6bdc2,212,1,211,211,0.9952830188679245,reported,0.668246,0.805687,0.867299,0.754811
flat_sgd_logistic_context,ALBL-b3dec828679c767afa3e13f22a6124b9e70b8f8a07941068f89132a6c497954b,280,3,277,277,0.9892857142857143,reported,0.411552,0.624549,0.750903,0.558522
flat_sgd_logistic_context,ALBL-b47259c0f8ec7dc8b05a94acb2921670b00d27d9b8e2b94848653ffd4aa9c890,99,1,98,98,0.98989898989899,reported,0.428571,0.663265,0.765306,0.577175
flat_sgd_logistic_context,ALBL-b4d84befc7e96dbb8387757e7d31f4727c1237610f3bd1ee0bea968bcd69b253,161,1,160,160,0.9937888198757764,reported,0.65625,0.76875,0.86875,0.74433
flat_sgd_logistic_context,ALBL-b531a8de7a6d0c34b19b787255885398b63fd4b92d8984404c6d5271f7d268f1,262,38,224,224,0.8549618320610687,reported,0.200893,0.5,0.629464,0.406736
flat_sgd_logistic_context,ALBL-b54a07b05128f5872fa2d2cafea41ad88da5df11665216730e41d3f0d57f30ff,176,4,172,172,0.9772727272727273,reported,0.424419,0.622093,0.69186,0.558982
flat_sgd_logistic_context,ALBL-b63cf1e776045825584819d4a14d194bd5a31d3d26a8b732ba027e3967fb2bac,250,2,248,248,0.992,reported,0.616935,0.766129,0.83871,0.717268
flat_sgd_logistic_context,ALBL-b6fb9745908a9283df198b367153a16c8346bc5114b5856f9a7ffb412793e6ef,182,4,178,178,0.978021978021978,reported,0.5,0.646067,0.764045,0.618614
flat_sgd_logistic_context,ALBL-b8557601edc484332b5e016a21d4bbb0916313ae828752e757fc70bab4e86dd4,180,0,180,180,1.0,reported,0.5,0.633333,0.7,0.601361
flat_sgd_logistic_context,ALBL-b8a81d5882dab810d4dd664ff0c4a3e42ed9210e093bf09047883c9c87030795,87,33,54,54,0.6206896551724138,reported,0.388889,0.518519,0.666667,0.509268
flat_sgd_logistic_context,ALBL-b97bd56b9ca53434dfd6bfe48b6585fffd4ce36eddfbe206e6c90faf56a9d6cd,266,11,255,255,0.9586466165413534,reported,0.458824,0.666667,0.752941,0.592481
flat_sgd_logistic_context,ALBL-b9e828d3b8ca5e579e7b8a6233cf2f87100a9347b43e19953a76ef2513129a7e,44,0,44,44,1.0,reported,0.590909,0.681818,0.772727,0.678956
flat_sgd_logistic_context,ALBL-bda9bbfa89b0bd940295ad568d84d7283bdc5124046b7dd9e9f71ed328bb0828,109,0,109,109,1.0,reported,0.486239,0.669725,0.761468,0.616371
flat_sgd_logistic_context,ALBL-bfd7ad7c97808d56342bd0a84bb1be7d9d1b4a221d6d2ad0b5e3f2c5c8605a17,312,14,298,298,0.9551282051282052,reported,0.560403,0.711409,0.785235,0.665753
flat_sgd_logistic_context,ALBL-c1f982b8eb04ff36009623f8516bf6573401da3cbf9ce3a7080b5c95fe25a794,213,1,212,212,0.9953051643192489,reported,0.542453,0.754717,0.792453,0.661918
flat_sgd_logistic_context,ALBL-c28203421388af56e88d8f0ad4f9f31fd91f1b6e3815ee08511ee620b9046d21,90,0,90,90,1.0,reported,0.755556,0.833333,0.833333,0.806706
flat_sgd_logistic_context,ALBL-c4f90fc90e0c97b6dbc57501292e9b4898caa889c277d3081e18c242f774cae2,88,1,87,87,0.9886363636363636,reported,0.597701,0.689655,0.827586,0.688877
flat_sgd_logistic_context,ALBL-c59769af69edb396aee71a6ad277e7792d6a84c4d990757bf20412b33c8b7e24,138,5,133,133,0.9637681159420289,reported,0.368421,0.661654,0.75188,0.552726
flat_sgd_logistic_context,ALBL-c848d6a211291771f93cf108b05b8dc3f7b8fa0a009a6e63609a8b46233e27a4,129,0,129,129,1.0,reported,0.488372,0.635659,0.736434,0.60726
flat_sgd_logistic_context,ALBL-c8913c29ed1bccc83766366e0c593a46aecfcfec350af2ca425ad6fa27b75a61,109,8,101,101,0.926605504587156,reported,0.534653,0.712871,0.792079,0.660077
flat_sgd_logistic_context,ALBL-c8b292a6fd797d5864b6f98a4ca3145941af864722740d9be02e52bb5e4d4d14,136,1,135,135,0.9926470588235294,reported,0.422222,0.62963,0.725926,0.56395
flat_sgd_logistic_context,ALBL-cac4dfe45e2a4ea3c8992080944a6e0c1092bbfea9b5a129b6b007d76b168d38,168,3,165,165,0.9821428571428571,reported,0.369697,0.593939,0.727273,0.5273
flat_sgd_logistic_context,ALBL-cb7c78d5d00ac7147de7b814ebde9ef47d47e7961b8df535b0628bb71e594071,256,23,233,233,0.91015625,reported,0.51073,0.67382,0.729614,0.624309
flat_sgd_logistic_context,ALBL-cc48b376ac63f6fea6880e5372265eef198782cb91bad0382c98db1d34af89df,81,0,81,81,1.0,reported,0.54321,0.802469,0.82716,0.670059
flat_sgd_logistic_context,ALBL-cc5e5e267a45098cd771ea82a20f2b570a5743d6a5716f053f5cb1a8135557ea,128,4,124,124,0.96875,reported,0.483871,0.701613,0.806452,0.625275
flat_sgd_logistic_context,ALBL-cccdb653670a48994ebdcb438849469516c1dce56b03656b2018d90c9d7b2309,66,0,66,66,1.0,reported,0.606061,0.772727,0.833333,0.707077
flat_sgd_logistic_context,ALBL-cd62211172109255e518aac9c918feef626c1ec8599caa975e444bfce28c7e28,149,0,149,149,1.0,reported,0.610738,0.771812,0.805369,0.711178
flat_sgd_logistic_context,ALBL-cd9f7aaab55c5ae86a60abdfb037d7af75d0de0443a6fade6adadc7eeab5a80f,264,81,183,183,0.6931818181818182,reported,0.349727,0.63388,0.754098,0.519254
flat_sgd_logistic_context,ALBL-ce1dbed42e4ffd01b17b35012dd06687b42c427b4423c451dd09eb33b4e346a1,335,8,327,327,0.9761194029850746,reported,0.529052,0.672783,0.795107,0.639496
flat_sgd_logistic_context,ALBL-cec5217a1ba6f2e262da20bd31748b0bc5f4f0dcc7dbf9542cd8d69ed4719a82,121,15,106,106,0.8760330578512396,reported,0.528302,0.688679,0.754717,0.642333
flat_sgd_logistic_context,ALBL-cf2f15a296686c84d839bd68c5e7f9f4aa3c7531a3115b6d11bb4422a06a2037,197,53,144,144,0.7309644670050761,reported,0.5,0.694444,0.777778,0.626777
flat_sgd_logistic_context,ALBL-cf57a8e5d480a0b56c9f5fe5f01fab0e983c707be56f806e05dd881c68e0ca8b,165,2,163,163,0.9878787878787879,reported,0.558282,0.711656,0.773006,0.665214
flat_sgd_logistic_context,ALBL-d13fe9410299857cfceb924ed5d382cb03b8828be0d06b68c0ed1aae716ebc34,142,0,142,142,1.0,reported,0.5,0.647887,0.725352,0.614498
flat_sgd_logistic_context,ALBL-d5c64a06881af57c8b3bbebdc3498ac503532aca055565c510801f2c4b3c1178,203,0,203,203,1.0,reported,0.492611,0.674877,0.773399,0.61503
flat_sgd_logistic_context,ALBL-d7a92b911b2c469f9fb85d220c4cc53811a7f280d395332df796bd1660aeeee1,264,3,261,261,0.9886363636363636,reported,0.578544,0.731801,0.823755,0.683055
flat_sgd_logistic_context,ALBL-d7bb01eb8d746f1f9d0a1c46bb8ab67c980a36f3fbbdf2d4671c7ce7e040539c,485,5,480,480,0.9896907216494846,reported,0.639583,0.760417,0.816667,0.725143
flat_sgd_logistic_context,ALBL-d979019ce70ed85f25885322d6573ee2b06fc89d5d3a312f05d0e571d3c1e6b9,104,2,102,102,0.9807692307692307,reported,0.588235,0.745098,0.784314,0.683115
flat_sgd_logistic_context,ALBL-da9d5eb8de99255ccb4d6af827d525b9756ed63f0144d90067a98ac15e7404e8,151,4,147,147,0.9735099337748344,reported,0.598639,0.857143,0.904762,0.734042
flat_sgd_logistic_context,ALBL-dc8f1d73d2a7e7197ef9aa9abc2f54ad1c65f8c859a130403d44a3acdcbdb9a7,268,27,241,241,0.8992537313432836,reported,0.643154,0.804979,0.838174,0.73774
flat_sgd_logistic_context,ALBL-de0f80e3bfa4aad6217752f1c1440d11228188a028dc94fa69b1f787401c2def,274,2,272,272,0.9927007299270073,reported,0.448529,0.658088,0.738971,0.587533
flat_sgd_logistic_context,ALBL-de2120b6e55092ce5c5aa011967ce8dcfffae11ffbb993f47bdf018134f00676,257,49,208,208,0.8093385214007782,reported,0.600962,0.735577,0.836538,0.699142
flat_sgd_logistic_context,ALBL-df36480d1c39db0bd7c57e8729258ffe1f0e03d719943c6ade41e38e9f4c0dcd,198,3,195,195,0.9848484848484849,reported,0.487179,0.697436,0.758974,0.617248
flat_sgd_logistic_context,ALBL-e3629c2151d449562136201f8da51770a96f0b5e1d3ab3324e65c4f2fe40256d,187,2,185,185,0.9893048128342246,reported,0.335135,0.583784,0.664865,0.506949
flat_sgd_logistic_context,ALBL-e36a821d097c02334c1e15e0e35e40107b21fac23a4c1d89fe9b45f1030533c5,172,0,172,172,1.0,reported,0.517442,0.69186,0.755814,0.633131
flat_sgd_logistic_context,ALBL-e40ca6e7685b01b18b567faf579406988813bbc01e8d2aad140f8c9ed0986691,125,0,125,125,1.0,reported,0.512,0.712,0.808,0.65237
flat_sgd_logistic_context,ALBL-e46eba02dd6aeba07ab93fe500e9c0e763b4d30e10187dc7876ef527c9fca822,217,18,199,199,0.9170506912442397,reported,0.522613,0.658291,0.748744,0.634521
flat_sgd_logistic_context,ALBL-e60d314b51617b1122c7504e84f6cb188d601755a9f3ed2bf60c18533f42c483,97,0,97,97,1.0,reported,0.494845,0.742268,0.814433,0.63417
flat_sgd_logistic_context,ALBL-e72e4ade8d97665aa4a2256764cb353dfa64deccf822922b70f06d7ee29f3c94,118,1,117,117,0.9915254237288136,reported,0.487179,0.65812,0.769231,0.616145
flat_sgd_logistic_context,ALBL-e85609f71a45bee71a1f0d38eca2780c52910c2125d64d1cc060c4aa63cb4114,342,7,335,335,0.97953216374269,reported,0.480597,0.695522,0.78209,0.620174
flat_sgd_logistic_context,ALBL-e9a4c85e9728ea650fe95413c3e3e10896819996b77097c55e8b48164ad00e35,139,1,138,138,0.9928057553956835,reported,0.550725,0.753623,0.84058,0.678679
flat_sgd_logistic_context,ALBL-eb108f2c1f83074b207ab2be2d7d69c06e433803fec18042e383702c08ae6036,133,2,131,131,0.9849624060150376,reported,0.312977,0.625954,0.778626,0.513177
flat_sgd_logistic_context,ALBL-ebe5f9209243e8cc0730f985167ab1298e9e6b87f738cbdaaa2789cd93dc9812,125,1,124,124,0.992,reported,0.483871,0.733871,0.830645,0.632764
flat_sgd_logistic_context,ALBL-ec1a6a5ce2ff06a97a913a555309205d1ec638937f61e263acda0f10b28e85aa,131,8,123,123,0.9389312977099237,reported,0.487805,0.658537,0.780488,0.618857
flat_sgd_logistic_context,ALBL-ec3093fcb691301b6cc4a5e0a5c9ee093e661b6b35b618255b5590bc4b0c8826,175,21,154,154,0.88,reported,0.545455,0.792208,0.850649,0.685801
flat_sgd_logistic_context,ALBL-ecfef7f6f92be0e12b16b1883492c5074fcebcc87b380e577cea3d43f25ef6df,355,6,349,349,0.9830985915492958,reported,0.535817,0.727794,0.7851,0.662673
flat_sgd_logistic_context,ALBL-ee761957fd84d9c113ca2d9014b1d2209def3e6742e7c877eae5c8bdcb8b533e,130,1,129,129,0.9923076923076923,reported,0.503876,0.705426,0.837209,0.644136
flat_sgd_logistic_context,ALBL-ef963e525bebe48fd785903ab976c726352c21df455380b64bd62eb74a2ae1b4,233,1,232,232,0.9957081545064378,reported,0.478448,0.689655,0.737069,0.61891
flat_sgd_logistic_context,ALBL-f01c232566c50c600194af8656475231127091412b8ac4819d979c7595e78db3,334,0,334,334,1.0,reported,0.601796,0.754491,0.808383,0.703957
flat_sgd_logistic_context,ALBL-f13232ac4d20a03d1895a207e1d242b71a0fff71fc387a2dce2728146c4583ea,130,0,130,130,1.0,reported,0.553846,0.769231,0.784615,0.67069
flat_sgd_logistic_context,ALBL-f17a363490fbf411d96b103d956dc0fa2f5ffeed1ce475e10c0db695c00b516d,215,5,210,210,0.9767441860465116,reported,0.571429,0.666667,0.757143,0.663621
flat_sgd_logistic_context,ALBL-f1d17edd22455d0bb54bc9f551890a1040c9af1b1f7c4e516f53bb4c5cd7ad5b,208,3,205,205,0.9855769230769231,reported,0.473171,0.673171,0.77561,0.612108
flat_sgd_logistic_context,ALBL-f5b44700d88df27400bbc80123221c3d4510d850e6f6494eb136693cd655b7fa,77,9,68,68,0.8831168831168831,reported,0.25,0.529412,0.647059,0.440093
flat_sgd_logistic_context,ALBL-f5c838e8479f7115b41dccc8470f0a7bf4f9af29972a3900d66118cbac0f88b3,95,0,95,95,1.0,reported,0.536842,0.715789,0.778947,0.65857
flat_sgd_logistic_context,ALBL-f6c453a4cec050452655cd7fefbae80257efb4583635d09d28721f006bc73813,165,0,165,165,1.0,reported,0.448485,0.715152,0.787879,0.600432
flat_sgd_logistic_context,ALBL-f7d16738e8a0e28cd1e8432bc528a43c0b30e4480724c7c5ec7308ebd620c3bc,66,0,66,66,1.0,reported,0.772727,0.939394,0.939394,0.857316
flat_sgd_logistic_context,ALBL-f82592dd2f2843d995b82060d966ef0133424aae05676b853f6742afe8e0a878,215,6,209,209,0.9720930232558139,reported,0.449761,0.703349,0.803828,0.608636
flat_sgd_logistic_context,ALBL-fc83eb0c2b9caf7b6655f612f98b6c57a3a90e33dadb1e65cb5c8eaae604cd5a,56,0,56,56,1.0,reported,0.482143,0.625,0.714286,0.595453
flat_sgd_logistic_context,ALBL-fd0a058a50b05e2475b35bc7a53f2535fc78c8526b94226cb77723f1e78637ef,114,37,77,77,0.6754385964912281,reported,0.38961,0.766234,0.844156,0.596028
flat_sgd_logistic_context,ALBL-fddf535e5b713884564473e370696e9d3ff93e4f56e8f974e38c66f522386646,248,8,240,240,0.967741935483871,reported,0.416667,0.670833,0.7125,0.570758
flat_sgd_logistic_context,ALBL-ffa5a6949797a99fe90a6aae5ad6a788e26cd47439ea35eaf1e71c156dd3a765,43,0,43,43,1.0,reported,0.627907,0.674419,0.744186,0.687525
hierarchical_sgd_context,ALBL-0261b0368c5af1b8ccdaeccbab00785624e008ac644429d8d84947f16a8e1246,31,0,31,31,1.0,reported,0.516129,0.870968,0.903226,0.702509
hierarchical_sgd_context,ALBL-05027a559ca8274e1af58649dead83910cf96e6bbae590d148a5efe5010ede07,156,3,153,153,0.9807692307692307,reported,0.522876,0.75817,0.797386,0.658914
hierarchical_sgd_context,ALBL-05fe1effba76833f120b714fd0141df46b7970d83c822c8a91201585ff6bb5ea,31,0,31,31,1.0,reported,0.483871,0.774194,0.806452,0.628955
hierarchical_sgd_context,ALBL-0828f126ccf0c88bdf414c410611374063d1ab6c756389b0c253efbbab6dcd4d,478,12,466,466,0.9748953974895398,reported,0.487124,0.712446,0.787554,0.629416
hierarchical_sgd_context,ALBL-0929cce7f34a4cdb493f568ffaa9af65e0d1e65bd213ca7ccc8238383301f5d9,188,3,185,185,0.9840425531914894,reported,0.562162,0.751351,0.837838,0.681536
hierarchical_sgd_context,ALBL-0a1a532fbfe9b4e01ba4d08dc1af1a73c305efb613a891a1b1339cbc2ef41bdc,194,3,191,191,0.9845360824742269,reported,0.633508,0.759162,0.806283,0.720806
hierarchical_sgd_context,ALBL-0b0fe4f2cc23badddb1c1ebb33c22cc45c6f41924b2d4b3172d8625fc7f6e4b2,337,4,333,333,0.9881305637982196,reported,0.393393,0.546547,0.645646,0.523042
hierarchical_sgd_context,ALBL-0b85ce543a1bd0918047e0b04b3122ff8c8ac71a59f415e4b7185b7267f32139,112,3,109,109,0.9732142857142857,reported,0.614679,0.798165,0.816514,0.729568
hierarchical_sgd_context,ALBL-0c1cbb0aa0ebc67715d27ebbaf942ec5de9ebbfedcb37cbdbf03fba067fee404,150,0,150,150,1.0,reported,0.513333,0.753333,0.813333,0.648668
hierarchical_sgd_context,ALBL-0d10d90fcd6f9613167e94880a655155a1e2d6351e228824fcf59988dfbdd8f6,337,49,288,288,0.8545994065281899,reported,0.517361,0.666667,0.770833,0.627459
hierarchical_sgd_context,ALBL-0e0e8e661f2739ca41959d3626f404f85140a2cbdc6d8ed229931879550ab46e,244,2,242,242,0.9918032786885246,reported,0.495868,0.669421,0.747934,0.615828
hierarchical_sgd_context,ALBL-0fad1a0628b44667e6d7ea5400c1265783ad07b0e8a6f5e211f741bc5456eff8,297,46,251,251,0.8451178451178452,reported,0.474104,0.665339,0.741036,0.605918
hierarchical_sgd_context,ALBL-1136c276f991eb3cba877aef2044b57a9b940feb6a4d3695540916113c5aafd5,61,6,55,55,0.9016393442622951,reported,0.454545,0.727273,0.818182,0.615287
hierarchical_sgd_context,ALBL-11f90a8c55fbe0699911c1c19ab4046d0a93a992a97ac914cf60449351307a39,193,2,191,191,0.9896373056994818,reported,0.623037,0.759162,0.801047,0.715852
hierarchical_sgd_context,ALBL-1347d8cb47ac4267756940fe68d3c6c4fc79c584d4f4a8b7761c7981696c39c2,132,1,131,131,0.9924242424242424,reported,0.534351,0.717557,0.793893,0.652729
hierarchical_sgd_context,ALBL-1753897f8c66389b862ec914699598c03d64c509e330ce87a7421c9325a0ac9f,145,1,144,144,0.993103448275862,reported,0.548611,0.666667,0.777778,0.647736
hierarchical_sgd_context,ALBL-17684bc3770d1aec5c2bd652a8807086eae2d17921537773d7065a03fe954aab,93,1,92,92,0.989247311827957,reported,0.467391,0.673913,0.75,0.609437
hierarchical_sgd_context,ALBL-17a705471f9603aa36a32eccd5a72e57b03ee08200a8ee9b075466924284be0d,98,7,91,91,0.9285714285714286,reported,0.43956,0.571429,0.703297,0.564091
hierarchical_sgd_context,ALBL-1966ab7fbcd7e029e5d23d46e16dd169141761a81c9ccb7ad58233a524454fd5,19,16,3,3,0.15789473684210525,suppressed_below_20_events,,,,
hierarchical_sgd_context,ALBL-1977978993b2949e4425ba3d1e00a27af4ff44e6123be893f0fff6439f76e7e3,483,59,424,424,0.8778467908902692,reported,0.433962,0.627358,0.716981,0.570603
hierarchical_sgd_context,ALBL-19be539ea558fbcef5a22605c16c9872520ccad409f3e1624e7105b28a7760cb,25,0,25,25,1.0,reported,0.16,0.24,0.28,0.278109
hierarchical_sgd_context,ALBL-19e6d081ff62ae40b3e88e22cef1e5d0ec872a8e6f3866590efc6d45eb909d16,126,0,126,126,1.0,reported,0.539683,0.690476,0.761905,0.643164
hierarchical_sgd_context,ALBL-1a992211d5b1262263ca23d60bf8d7103e1eba254b60f9e0e0a05617ae61dc4f,147,0,147,147,1.0,reported,0.333333,0.646259,0.782313,0.532829
hierarchical_sgd_context,ALBL-1c521aa5918a7c228d52dd39e33749ac1ed6902f61bfed0d6daaa3c3adfc4357,328,57,271,271,0.8262195121951219,reported,0.420664,0.678967,0.756458,0.580579
hierarchical_sgd_context,ALBL-1f58a6ffe8bece560a2d7cd3f95b1c5fedac73381c77a301c279e6c79036b7f0,68,0,68,68,1.0,reported,0.661765,0.897059,0.911765,0.782983
hierarchical_sgd_context,ALBL-1f7fed06b8efb360d17055fb5863e54d09a25560e048c3bf2ee01153da3c93c4,205,0,205,205,1.0,reported,0.604878,0.760976,0.804878,0.706322
hierarchical_sgd_context,ALBL-23cc9ad5656ade82d0585fba15746eec8fbcbb8ecbcd883d7fc885d404d1478b,26,0,26,26,1.0,reported,0.653846,0.807692,0.846154,0.740549
hierarchical_sgd_context,ALBL-247a321492792bdb57c32c163643edba2d15422f23a86af468d8f0bfb5c89077,262,2,260,260,0.9923664122137404,reported,0.3,0.526923,0.661538,0.469593
hierarchical_sgd_context,ALBL-24ab2db65ff01b86f7df8f18130ad4db0b5a038f7c40263e75fb0b0dc7213232,70,0,70,70,1.0,reported,0.285714,0.571429,0.671429,0.461787
hierarchical_sgd_context,ALBL-24b00b86757b8524f811b193bdeb83ef1329a0c57055807a6ded111fa42e68f3,139,5,134,134,0.9640287769784173,reported,0.552239,0.768657,0.843284,0.684239
hierarchical_sgd_context,ALBL-255b39be5ec120d92543e4e21dc87011282877c2b9e48c00579662e497eb22d4,64,1,63,63,0.984375,reported,0.333333,0.507937,0.587302,0.465171
hierarchical_sgd_context,ALBL-275cbdad252f54c6748319f45ee0a8a3135340327f40dfd3f83e5b261bcad5df,93,0,93,93,1.0,reported,0.537634,0.677419,0.752688,0.633637
hierarchical_sgd_context,ALBL-275d6c06b34fc1ede399aff72db03e76929b074ec212f94453d28ff922f95804,264,1,263,263,0.9962121212121212,reported,0.562738,0.752852,0.813688,0.678332
hierarchical_sgd_context,ALBL-2807b98ea33a2a358a5e75262d1634d94c6402340cb7f15b88794a34f694ba24,158,33,125,125,0.7911392405063291,reported,0.448,0.744,0.8,0.614066
hierarchical_sgd_context,ALBL-284f21f38fb89fffc6231f1c8e4e864ddfb421bed3792bc18e665896dd0864c9,260,96,164,164,0.6307692307692307,reported,0.5,0.707317,0.792683,0.631038
hierarchical_sgd_context,ALBL-2af009abc260058ed488c3cc5bd979e4028fa2b64a389c66f06c6ef5e8743d9a,249,1,248,248,0.9959839357429718,reported,0.491935,0.729839,0.798387,0.635245
hierarchical_sgd_context,ALBL-2b47111c3ae429f7fd49243653f4b70387bf44642bbb3d8c30fd5cc8b8063b34,171,0,171,171,1.0,reported,0.51462,0.74269,0.824561,0.658792
hierarchical_sgd_context,ALBL-2c0d33cebcdf6b69c4dbde5486faeab809292ba09e1c547ffa0bffdbf69312ac,215,1,214,214,0.9953488372093023,reported,0.621495,0.785047,0.850467,0.724105
hierarchical_sgd_context,ALBL-2c4757a584ada65232fd4e1061bb867f3e2341823f769a11a3ad84438bfe03a6,27,0,27,27,1.0,reported,0.777778,0.777778,0.851852,0.811199
hierarchical_sgd_context,ALBL-2c8bc6640d674fb0494ab3a0352bfacdd7243a34c724124ee036737fd0d39b2d,128,2,126,126,0.984375,reported,0.436508,0.690476,0.809524,0.597588
hierarchical_sgd_context,ALBL-2cd7183a0cf674ea30188d5d0032a7ba17c2775bd7ee862325f9ed98d3d5ee1f,427,2,425,425,0.9953161592505855,reported,0.414118,0.6,0.701176,0.553682
hierarchical_sgd_context,ALBL-2e810b55afb91280b967725073e8e9dee97ffc7e57519fa876a5eef1c60b2833,104,1,103,103,0.9903846153846154,reported,0.737864,0.854369,0.883495,0.805139
hierarchical_sgd_context,ALBL-2f8b2ec6bcd75a5e76215bbd5e2e95d25bed68c81acf7ea38f86e111ac5ced35,258,18,240,240,0.9302325581395349,reported,0.391667,0.604167,0.729167,0.538352
hierarchical_sgd_context,ALBL-3031bd18d220db6520e49505d607f0577ab0291d63ca904ef8c75c6e35e6d3fc,256,1,255,255,0.99609375,reported,0.423529,0.588235,0.678431,0.553663
hierarchical_sgd_context,ALBL-30f7e60627845f9d0fd4aec317723f5156cbb07ff715a9b98385f64c558bd2fa,126,0,126,126,1.0,reported,0.5,0.65873,0.730159,0.624878
hierarchical_sgd_context,ALBL-314c2bafd9ac4593acb1cd858e97edf4ad5631f78cb356ce14019e732aa2ae48,139,1,138,138,0.9928057553956835,reported,0.521739,0.746377,0.826087,0.659004
hierarchical_sgd_context,ALBL-33f39cebde978ce9aa6e4c3876032ec25f0e8d1871843f6f21ed6dd57e8d7d4a,221,26,195,195,0.8823529411764706,reported,0.420513,0.594872,0.712821,0.555639
hierarchical_sgd_context,ALBL-3516aca92330ace937d4d66d19489d317129d236c505c76c829d30f582c702ec,329,0,329,329,1.0,reported,0.43465,0.674772,0.790274,0.583907
hierarchical_sgd_context,ALBL-36142f7c7512775b0003e10735d3704a243836ce608ddce5ec55d2a9d3b46add,37,2,35,35,0.9459459459459459,reported,0.542857,0.685714,0.742857,0.642844
hierarchical_sgd_context,ALBL-36c9800bd02cf448b8d1cfd748568b7250020c76eac2b09be6443266d3246492,61,0,61,61,1.0,reported,0.540984,0.688525,0.770492,0.649426
hierarchical_sgd_context,ALBL-370cf8dec91c8c759d3d4eabfdc7f5c2fda07290e95e14f5731c2a18724159db,33,0,33,33,1.0,reported,0.181818,0.363636,0.545455,0.349236
hierarchical_sgd_context,ALBL-377b054a1f71b14c70428b5910256bbb843ebcec24665eff55383c467e7c9df7,328,6,322,322,0.9817073170731707,reported,0.493789,0.754658,0.826087,0.650212
hierarchical_sgd_context,ALBL-37f6eb87430a0b1d7a66bf0a89dab1ed85cf84803d73bee23b3b94e50f1a71be,135,0,135,135,1.0,reported,0.592593,0.785185,0.844444,0.713476
hierarchical_sgd_context,ALBL-37ff92a2c4a991915f72decba88e5b2eded6f8d585460ca3c198988ae1274572,291,4,287,287,0.9862542955326461,reported,0.390244,0.599303,0.724739,0.541144
hierarchical_sgd_context,ALBL-3aea2c0801f6f0a6142d4a1b36a638bf2b641a219dfd7ac90ea19346b4e1c1ea,29,0,29,29,1.0,reported,0.965517,0.965517,1.0,0.972414
hierarchical_sgd_context,ALBL-3dab537bbce562a80504255944b4f84168fe4cdfe736c5f5569088ee394644b6,267,1,266,266,0.9962546816479401,reported,0.541353,0.695489,0.774436,0.654634
hierarchical_sgd_context,ALBL-3e8052851c5f2da0234ba405219252f0ffdf30904c8807e3dfdbe6d44d5b2ade,91,1,90,90,0.989010989010989,reported,0.533333,0.7,0.822222,0.656354
hierarchical_sgd_context,ALBL-3ee93b4fbf1fe5935538066bfee5c8fc4d55b7308cfe1dbf78748e19528345f6,81,2,79,79,0.9753086419753086,reported,0.531646,0.797468,0.848101,0.680276
hierarchical_sgd_context,ALBL-3f8544460dad7df697f7b1dfe3ceb76f8ee9fee329dff53487a2ff31ae594765,372,2,370,370,0.9946236559139785,reported,0.516216,0.743243,0.808108,0.657426
hierarchical_sgd_context,ALBL-3ff74c075ec5c2e5728f2ff0bfb20cf17699329068612d45293b05554df57030,269,6,263,263,0.9776951672862454,reported,0.452471,0.596958,0.718631,0.571844
hierarchical_sgd_context,ALBL-410bedcb3af781aedd8b01993423c88b246553bed5edec02764821357bfb3ad5,0,0,0,0,0.0,no_leakage_safe_test_events,,,,
hierarchical_sgd_context,ALBL-416efb901b78e0dac353a88963abd0a86b5207467dd399395d3c77f99460a215,103,1,102,102,0.9902912621359223,reported,0.529412,0.686275,0.784314,0.639728
hierarchical_sgd_context,ALBL-4351325bff68d9ba2013f7254620f426c6d51a30ec2bb8dae4c1d2c8017071f4,281,1,280,280,0.99644128113879,reported,0.507143,0.767857,0.835714,0.658588
hierarchical_sgd_context,ALBL-449c15c13efcf3a854c22dfa004716e1293d43fb1853aea6c0bab03d10c4c10b,66,0,66,66,1.0,reported,0.5,0.742424,0.772727,0.641485
hierarchical_sgd_context,ALBL-45fb690b1fa5ef0d23dbeb44ff194f49e6899ee138d850ccb0f8ca44cf44f801,113,0,113,113,1.0,reported,0.469027,0.752212,0.787611,0.642494
hierarchical_sgd_context,ALBL-4643ced8fed4e5f7ffe92d53e345a6e445386087a66e90051378e206de8a183f,224,2,222,222,0.9910714285714286,reported,0.567568,0.734234,0.810811,0.684948
hierarchical_sgd_context,ALBL-477d40bab9415c1e1fc116f4efe1cd52564f26aef849d2f13bb16fcde179180b,295,1,294,294,0.9966101694915255,reported,0.503401,0.714286,0.772109,0.633334
hierarchical_sgd_context,ALBL-4ee2de733107bf496cb129ee93841693210261129915ba651cc3fbb0b18de05c,152,2,150,150,0.9868421052631579,reported,0.48,0.64,0.78,0.604269
hierarchical_sgd_context,ALBL-50741b2ec0bf3af4af14534601eb2b25106535e1be6e7fa756e6062fa54090e3,521,1,520,520,0.9980806142034548,reported,0.455769,0.642308,0.732692,0.58773
hierarchical_sgd_context,ALBL-5588dea76589911df854bcd8ae85996bb26f89521d661f3f591f4f339057cd55,47,0,47,47,1.0,reported,0.702128,0.787234,0.808511,0.765022
hierarchical_sgd_context,ALBL-57e56d22dd85362bb8105570741eef2f726eab5029f9510bb149e289c1cdb362,207,1,206,206,0.9951690821256038,reported,0.495146,0.674757,0.776699,0.621836
hierarchical_sgd_context,ALBL-58317e7308fa764165b4d6a3ef2e233753924b1bb3544048ceb57650a8fa89cb,103,1,102,102,0.9902912621359223,reported,0.5,0.666667,0.715686,0.6197
hierarchical_sgd_context,ALBL-58b4f98bab37d9f291c25b06ba57304d2b1c689dcc25c63e4ff642ab5584d304,134,2,132,132,0.9850746268656716,reported,0.401515,0.583333,0.651515,0.539597
hierarchical_sgd_context,ALBL-591263eefafdb52e5702e00434d710421ec77268e1974ea65c6faf003f8b94b8,20,0,20,20,1.0,reported,0.6,0.7,0.75,0.676587
hierarchical_sgd_context,ALBL-5df3b41d45a211caed7ddd24c3951c2e6837ab2f5322ab023300850d02ea1a5e,65,0,65,65,1.0,reported,0.538462,0.707692,0.815385,0.670469
hierarchical_sgd_context,ALBL-5fd79266de1ca82a6a701b7b65788f6a770a569318a1351825159d92cf867337,211,0,211,211,1.0,reported,0.507109,0.725118,0.824645,0.644208
hierarchical_sgd_context,ALBL-60e338cff4ca7d43b678b87ac6d0bc2923b2b774e88285998ea805732a13bc86,103,1,102,102,0.9902912621359223,reported,0.392157,0.705882,0.705882,0.565608
hierarchical_sgd_context,ALBL-624809a8c6f31530a20bced12f8eeb4a5292640bdb87ef4a277476da24a07d28,139,1,138,138,0.9928057553956835,reported,0.485507,0.673913,0.76087,0.612039
hierarchical_sgd_context,ALBL-6333d5595ce07957878659758f2179f94c4e244fc91a624bad260e48824e6d0a,150,41,109,109,0.7266666666666667,reported,0.40367,0.706422,0.779817,0.585073
hierarchical_sgd_context,ALBL-6470d1206d77a5344903490c8022085d5434995cb18f11140acf297a51a4c0f7,186,1,185,185,0.9946236559139785,reported,0.605405,0.713514,0.8,0.694914
hierarchical_sgd_context,ALBL-64b99f305e19727a83cafde426896191340dac22d1096e0014290657b528110b,96,2,94,94,0.9791666666666666,reported,0.489362,0.62766,0.712766,0.601636
hierarchical_sgd_context,ALBL-653f823573f2940bf2c73dfbdb26faef76f3062d797274a12eade0e8fd765269,297,24,273,273,0.9191919191919192,reported,0.498168,0.692308,0.761905,0.624125
hierarchical_sgd_context,ALBL-65f4c44000b0b3238b828e0cf5c3707b1e174d6799866358fb0a3a8f41ea30c0,103,0,103,103,1.0,reported,0.339806,0.592233,0.757282,0.508014
hierarchical_sgd_context,ALBL-668adef71637ce73ed0d6930da3df75035de7b9f85a5b5d81a63482870edf608,198,1,197,197,0.9949494949494949,reported,0.482234,0.659898,0.781726,0.611437
hierarchical_sgd_context,ALBL-674cdf7bedf87c3a984532f3b6d1e7baeeab9de3979127e45718e65f125c5971,137,1,136,136,0.9927007299270073,reported,0.492647,0.661765,0.742647,0.612371
hierarchical_sgd_context,ALBL-684afcd741ce3fa6d145edabeaaa08c1ac47e5ba86fdc114798bd81786f5418b,38,3,35,35,0.9210526315789473,reported,0.6,0.828571,0.857143,0.714661
hierarchical_sgd_context,ALBL-68861076b744e959ac73e2117efa8b1b2b9c67339252c49fa74c306ae22b118d,135,6,129,129,0.9555555555555556,reported,0.643411,0.837209,0.875969,0.751363
hierarchical_sgd_context,ALBL-696c842e3ed9a1f7ab0284130f1a3ca48afd3efbd581178c263a594bd6158db6,100,1,99,99,0.99,reported,0.606061,0.818182,0.838384,0.719012
hierarchical_sgd_context,ALBL-69e09ca6ec075c702c80bc29a4f0403c9282b9293273e8873970444db978c065,182,0,182,182,1.0,reported,0.373626,0.692308,0.763736,0.546493
hierarchical_sgd_context,ALBL-6e2c5eea321edcf85b9bddb1be052f37af0d813916ec5db39e7691ed75c22ca0,410,54,356,356,0.8682926829268293,reported,0.429775,0.671348,0.735955,0.581645
hierarchical_sgd_context,ALBL-6e584511c3d847a8b7353a50064bbcc569da3e403933cbb51e8a88e2c4fc8f77,115,1,114,114,0.991304347826087,reported,0.473684,0.657895,0.736842,0.600305
hierarchical_sgd_context,ALBL-6fb00601b23592ac5bee90a3557f53be2b8b4a9e01b50bedf6a92a352e1c4d6b,279,0,279,279,1.0,reported,0.526882,0.767025,0.856631,0.668237
hierarchical_sgd_context,ALBL-71fc091f8fa9a5349caa201a162fd2a9e7fac847ff925da52daae602b7456737,184,3,181,181,0.9836956521739131,reported,0.607735,0.78453,0.839779,0.718507
hierarchical_sgd_context,ALBL-725a8caf4f4132e9734ee50844d011d83670da8006b97d5c112f6e33134115ff,206,8,198,198,0.9611650485436893,reported,0.434343,0.666667,0.762626,0.579622
hierarchical_sgd_context,ALBL-73c8a1a36223a670dc4911fa645f78397410791c1681cf627e1903abaceeedf8,201,0,201,201,1.0,reported,0.393035,0.537313,0.666667,0.523638
hierarchical_sgd_context,ALBL-758c40daaf5aa99c2bb61b302d6a7e854353d6b58df940ac091ecf62f863018c,99,0,99,99,1.0,reported,0.434343,0.666667,0.69697,0.577378
hierarchical_sgd_context,ALBL-7623ac04cbb961b36d61bf66b703c428420edf9b13d991e454601fa6c6d792ce,0,0,0,0,0.0,no_leakage_safe_test_events,,,,
hierarchical_sgd_context,ALBL-7780937cebdf3a7fdf84d6f6de9953c0fd0540f37d1f306578ffeef94a098ca4,164,27,137,137,0.8353658536585366,reported,0.445255,0.693431,0.737226,0.587669
hierarchical_sgd_context,ALBL-792d55b0a19edfc124c50aba34e23dc8797d058ad9d19feb36f247dd21034d18,117,2,115,115,0.9829059829059829,reported,0.521739,0.695652,0.8,0.634879
hierarchical_sgd_context,ALBL-794d5a373c990e135a5ac3527a23c5c8c9431cb100be6cc02eaab0e303e3160e,253,2,251,251,0.9920948616600791,reported,0.549801,0.7251,0.804781,0.660617
hierarchical_sgd_context,ALBL-7ad638af3a35b7d111f62ea5b56a127ec4dbcf5cd86cc213bda8cd999a257ec9,94,4,90,90,0.9574468085106383,reported,0.244444,0.555556,0.633333,0.439642
hierarchical_sgd_context,ALBL-7ba722009dee968fea666826254e4d7047ee83b9c2b6439061df005b6dfa14bf,240,0,240,240,1.0,reported,0.595833,0.733333,0.825,0.697511
hierarchical_sgd_context,ALBL-7d11225e8215022166cdd99505ba4f36a0b1b68bf5f51c1a126237b869768989,217,4,213,213,0.9815668202764977,reported,0.474178,0.741784,0.793427,0.623064
hierarchical_sgd_context,ALBL-7e9a60002d7d27bc747175d30b340b7dc85f9fd3a264c05f42b5130737e9af57,145,2,143,143,0.9862068965517241,reported,0.692308,0.846154,0.909091,0.787087
hierarchical_sgd_context,ALBL-7f3967d3975472e31ce4362dd92a45b49955b2ff273e500482ac5b4118c331c8,166,0,166,166,1.0,reported,0.373494,0.560241,0.692771,0.520907
hierarchical_sgd_context,ALBL-7f9d51b2153da108c09e27e39e0e3563c5aac119a896eeb929e827f8f1bea542,236,0,236,236,1.0,reported,0.550847,0.737288,0.79661,0.666769
hierarchical_sgd_context,ALBL-800378ed0482ee65717309245d95ab4ddd74395ddce9272aa4a50433bad833f6,345,54,291,291,0.8434782608695652,reported,0.457045,0.683849,0.756014,0.60157
hierarchical_sgd_context,ALBL-803895061e7d1b3ae418c5489b90e87ba8b5ba8c6694f214cd7ef630b40dd204,123,0,123,123,1.0,reported,0.642276,0.780488,0.853659,0.737815
hierarchical_sgd_context,ALBL-84fcfdcf1ab20bc4908a76b2515756f6ec5f78984423e012859049c91ef1f807,35,0,35,35,1.0,reported,0.4,0.685714,0.828571,0.570846
hierarchical_sgd_context,ALBL-851b250b2304762b91768b5123950704538062116628ddfaa11d82ce5c5be520,216,3,213,213,0.9861111111111112,reported,0.680751,0.807512,0.84507,0.763818
hierarchical_sgd_context,ALBL-87844eb828b520c40f25c1c11d6bfe17d5bac7ac4cee3d7db6c8c804e9846918,29,0,29,29,1.0,reported,0.241379,0.413793,0.448276,0.377327
hierarchical_sgd_context,ALBL-89fcef5d9b763073e8b54afa5ed7fe58f06329b1fc1223fea93047e30703f75a,235,8,227,227,0.9659574468085106,reported,0.546256,0.696035,0.76652,0.654251
hierarchical_sgd_context,ALBL-8fe67f1bb9fc285a22c50d0d4d43b33ead424009b4de8dfeab0a3ddddc5c6e1e,231,3,228,228,0.987012987012987,reported,0.491228,0.635965,0.767544,0.612379
hierarchical_sgd_context,ALBL-9033c77c9bc50aacd1b2d8eb24227fe8142eb884573a498b41f5a89be7f0f5a3,268,12,256,256,0.9552238805970149,reported,0.335938,0.59375,0.679688,0.503961
hierarchical_sgd_context,ALBL-904fcc2d59908c38ed9f59b6a90b30096342461e51a746e515da335e08b6cf49,266,6,260,260,0.9774436090225563,reported,0.430769,0.669231,0.773077,0.581824
hierarchical_sgd_context,ALBL-9058dcff6afd9940ff9cce807bf7bc883fe6f6d183c5e0958cba710bfa814a13,183,1,182,182,0.994535519125683,reported,0.483516,0.692308,0.802198,0.634198
hierarchical_sgd_context,ALBL-91e7e3cdbb244167ab7bd584a228ec96d1798f373702980135847af0b640afa5,294,9,285,285,0.9693877551020408,reported,0.470175,0.621053,0.726316,0.59046
hierarchical_sgd_context,ALBL-93a39f5d64d4b1cd045f2ea90c301f10cfa84e6cb7474f61bb8f90b8b551a8bb,194,14,180,180,0.9278350515463918,reported,0.55,0.855556,0.9,0.69403
hierarchical_sgd_context,ALBL-9756ee2b51bd71de0c83766a970f3e1a415810f7477491fbcac8582eb4cb2b32,117,1,116,116,0.9914529914529915,reported,0.344828,0.577586,0.715517,0.507984
hierarchical_sgd_context,ALBL-9a6e97105d9c2dcd37f9aa00e1e58b3712106f810dd58f474ec3d433a911bc18,231,5,226,226,0.9783549783549783,reported,0.632743,0.721239,0.792035,0.708344
hierarchical_sgd_context,ALBL-9b613de436fe8c5d5f656a17086440bfd0951848ec313d090cdaa5d763f706b6,170,0,170,170,1.0,reported,0.629412,0.870588,0.923529,0.762745
hierarchical_sgd_context,ALBL-9d041dfe49b31971ca7df1440a31023002ef9bfc53778672e8ebebf429a0563a,112,2,110,110,0.9821428571428571,reported,0.336364,0.636364,0.709091,0.519784
hierarchical_sgd_context,ALBL-9d390795617660745271f543e07d046a1559f59554e1df74ef4dc93d904042f3,108,2,106,106,0.9814814814814815,reported,0.59434,0.811321,0.830189,0.705827
hierarchical_sgd_context,ALBL-9dfbe06f93041cb9bf5f5aa68c56ce9379af282b898eed75115c36908988f75d,75,0,75,75,1.0,reported,0.68,0.84,0.866667,0.778848
hierarchical_sgd_context,ALBL-9ec1ed5ae5429ec3c201bc8de841504a2e5b413a06a3aa8a963d94108be06e95,81,0,81,81,1.0,reported,0.666667,0.802469,0.851852,0.755318
hierarchical_sgd_context,ALBL-a544a6bae8dc3a039e1a6690236454a235ec489b230bb6188381cf8018131cab,213,0,213,213,1.0,reported,0.450704,0.690141,0.7277,0.602359
hierarchical_sgd_context,ALBL-a77568795e33c21efc2dfb2618a260e28c13560b0490be94d601be2e0d5f1dba,107,0,107,107,1.0,reported,0.53271,0.663551,0.728972,0.627905
hierarchical_sgd_context,ALBL-a93087c6798ab7596000fae7b23bb99f5528ef60d41242c5914dcb12836422cf,177,1,176,176,0.9943502824858758,reported,0.613636,0.732955,0.778409,0.694462
hierarchical_sgd_context,ALBL-a969c82d8811c619b763ab618ec5363279fb26d32c93efeed133750060e06d93,148,12,136,136,0.918918918918919,reported,0.544118,0.691176,0.75,0.656098
hierarchical_sgd_context,ALBL-ababccf91bd7eece0e9ec3cd599f803bff89a216bef0cd48537ae90773c5d93f,256,43,213,213,0.83203125,reported,0.56338,0.802817,0.835681,0.694229
hierarchical_sgd_context,ALBL-ac709d4648f29c1d718b72ec5675ba04f5baeef5fbcc248d1a6661df48b83c94,356,11,345,345,0.9691011235955056,reported,0.356522,0.597101,0.704348,0.517016
hierarchical_sgd_context,ALBL-ad0e4d83b1b91dd8dca2501c10a40db6acf0f405e34f11babd92198f6135a8f4,197,1,196,196,0.9949238578680203,reported,0.428571,0.678571,0.734694,0.585252
hierarchical_sgd_context,ALBL-b05b2ef6bdc95c06ba891db690f7d2bd4fbc6bc9b317302a948bc3323352ed89,259,0,259,259,1.0,reported,0.544402,0.783784,0.876448,0.688144
hierarchical_sgd_context,ALBL-b13d2c09b86f4e5afd7d5e0ed5496d8f08e8c5438ad84a7f3e398ab3d030f5e5,166,3,163,163,0.9819277108433735,reported,0.460123,0.662577,0.748466,0.59968
hierarchical_sgd_context,ALBL-b2a691a1a1df18c00b161abfd5f160861921f76fd419e4a473cba62f11a6bdc2,212,1,211,211,0.9952830188679245,reported,0.672986,0.78673,0.872038,0.755402
hierarchical_sgd_context,ALBL-b3dec828679c767afa3e13f22a6124b9e70b8f8a07941068f89132a6c497954b,280,3,277,277,0.9892857142857143,reported,0.411552,0.635379,0.747292,0.555284
hierarchical_sgd_context,ALBL-b47259c0f8ec7dc8b05a94acb2921670b00d27d9b8e2b94848653ffd4aa9c890,99,1,98,98,0.98989898989899,reported,0.428571,0.653061,0.72449,0.574436
hierarchical_sgd_context,ALBL-b4d84befc7e96dbb8387757e7d31f4727c1237610f3bd1ee0bea968bcd69b253,161,1,160,160,0.9937888198757764,reported,0.675,0.76875,0.85625,0.754265
hierarchical_sgd_context,ALBL-b531a8de7a6d0c34b19b787255885398b63fd4b92d8984404c6d5271f7d268f1,262,38,224,224,0.8549618320610687,reported,0.209821,0.508929,0.642857,0.415903
hierarchical_sgd_context,ALBL-b54a07b05128f5872fa2d2cafea41ad88da5df11665216730e41d3f0d57f30ff,176,4,172,172,0.9772727272727273,reported,0.418605,0.610465,0.715116,0.557538
hierarchical_sgd_context,ALBL-b63cf1e776045825584819d4a14d194bd5a31d3d26a8b732ba027e3967fb2bac,250,2,248,248,0.992,reported,0.620968,0.758065,0.830645,0.720375
hierarchical_sgd_context,ALBL-b6fb9745908a9283df198b367153a16c8346bc5114b5856f9a7ffb412793e6ef,182,4,178,178,0.978021978021978,reported,0.511236,0.662921,0.758427,0.626922
hierarchical_sgd_context,ALBL-b8557601edc484332b5e016a21d4bbb0916313ae828752e757fc70bab4e86dd4,180,0,180,180,1.0,reported,0.494444,0.638889,0.711111,0.598192
hierarchical_sgd_context,ALBL-b8a81d5882dab810d4dd664ff0c4a3e42ed9210e093bf09047883c9c87030795,87,33,54,54,0.6206896551724138,reported,0.388889,0.555556,0.648148,0.522041
hierarchical_sgd_context,ALBL-b97bd56b9ca53434dfd6bfe48b6585fffd4ce36eddfbe206e6c90faf56a9d6cd,266,11,255,255,0.9586466165413534,reported,0.458824,0.678431,0.776471,0.599459
hierarchical_sgd_context,ALBL-b9e828d3b8ca5e579e7b8a6233cf2f87100a9347b43e19953a76ef2513129a7e,44,0,44,44,1.0,reported,0.545455,0.704545,0.795455,0.663072
hierarchical_sgd_context,ALBL-bda9bbfa89b0bd940295ad568d84d7283bdc5124046b7dd9e9f71ed328bb0828,109,0,109,109,1.0,reported,0.477064,0.688073,0.770642,0.61495
hierarchical_sgd_context,ALBL-bfd7ad7c97808d56342bd0a84bb1be7d9d1b4a221d6d2ad0b5e3f2c5c8605a17,312,14,298,298,0.9551282051282052,reported,0.540268,0.708054,0.778523,0.655573
hierarchical_sgd_context,ALBL-c1f982b8eb04ff36009623f8516bf6573401da3cbf9ce3a7080b5c95fe25a794,213,1,212,212,0.9953051643192489,reported,0.566038,0.764151,0.792453,0.675123
hierarchical_sgd_context,ALBL-c28203421388af56e88d8f0ad4f9f31fd91f1b6e3815ee08511ee620b9046d21,90,0,90,90,1.0,reported,0.755556,0.833333,0.833333,0.805234
hierarchical_sgd_context,ALBL-c4f90fc90e0c97b6dbc57501292e9b4898caa889c277d3081e18c242f774cae2,88,1,87,87,0.9886363636363636,reported,0.609195,0.735632,0.816092,0.699599
hierarchical_sgd_context,ALBL-c59769af69edb396aee71a6ad277e7792d6a84c4d990757bf20412b33c8b7e24,138,5,133,133,0.9637681159420289,reported,0.37594,0.691729,0.766917,0.562017
hierarchical_sgd_context,ALBL-c848d6a211291771f93cf108b05b8dc3f7b8fa0a009a6e63609a8b46233e27a4,129,0,129,129,1.0,reported,0.465116,0.627907,0.72093,0.594791
hierarchical_sgd_context,ALBL-c8913c29ed1bccc83766366e0c593a46aecfcfec350af2ca425ad6fa27b75a61,109,8,101,101,0.926605504587156,reported,0.534653,0.722772,0.792079,0.662384
hierarchical_sgd_context,ALBL-c8b292a6fd797d5864b6f98a4ca3145941af864722740d9be02e52bb5e4d4d14,136,1,135,135,0.9926470588235294,reported,0.422222,0.614815,0.733333,0.56358
hierarchical_sgd_context,ALBL-cac4dfe45e2a4ea3c8992080944a6e0c1092bbfea9b5a129b6b007d76b168d38,168,3,165,165,0.9821428571428571,reported,0.357576,0.612121,0.739394,0.524181
hierarchical_sgd_context,ALBL-cb7c78d5d00ac7147de7b814ebde9ef47d47e7961b8df535b0628bb71e594071,256,23,233,233,0.91015625,reported,0.51073,0.678112,0.751073,0.626185
hierarchical_sgd_context,ALBL-cc48b376ac63f6fea6880e5372265eef198782cb91bad0382c98db1d34af89df,81,0,81,81,1.0,reported,0.555556,0.777778,0.814815,0.671663
hierarchical_sgd_context,ALBL-cc5e5e267a45098cd771ea82a20f2b570a5743d6a5716f053f5cb1a8135557ea,128,4,124,124,0.96875,reported,0.483871,0.693548,0.798387,0.622366
hierarchical_sgd_context,ALBL-cccdb653670a48994ebdcb438849469516c1dce56b03656b2018d90c9d7b2309,66,0,66,66,1.0,reported,0.606061,0.787879,0.833333,0.708899
hierarchical_sgd_context,ALBL-cd62211172109255e518aac9c918feef626c1ec8599caa975e444bfce28c7e28,149,0,149,149,1.0,reported,0.610738,0.771812,0.812081,0.71067
hierarchical_sgd_context,ALBL-cd9f7aaab55c5ae86a60abdfb037d7af75d0de0443a6fade6adadc7eeab5a80f,264,81,183,183,0.6931818181818182,reported,0.355191,0.644809,0.754098,0.530813
hierarchical_sgd_context,ALBL-ce1dbed42e4ffd01b17b35012dd06687b42c427b4423c451dd09eb33b4e346a1,335,8,327,327,0.9761194029850746,reported,0.525994,0.675841,0.792049,0.639377
hierarchical_sgd_context,ALBL-cec5217a1ba6f2e262da20bd31748b0bc5f4f0dcc7dbf9542cd8d69ed4719a82,121,15,106,106,0.8760330578512396,reported,0.528302,0.698113,0.783019,0.644531
hierarchical_sgd_context,ALBL-cf2f15a296686c84d839bd68c5e7f9f4aa3c7531a3115b6d11bb4422a06a2037,197,53,144,144,0.7309644670050761,reported,0.527778,0.708333,0.791667,0.646326
hierarchical_sgd_context,ALBL-cf57a8e5d480a0b56c9f5fe5f01fab0e983c707be56f806e05dd881c68e0ca8b,165,2,163,163,0.9878787878787879,reported,0.558282,0.711656,0.773006,0.663772
hierarchical_sgd_context,ALBL-d13fe9410299857cfceb924ed5d382cb03b8828be0d06b68c0ed1aae716ebc34,142,0,142,142,1.0,reported,0.5,0.647887,0.732394,0.613759
hierarchical_sgd_context,ALBL-d5c64a06881af57c8b3bbebdc3498ac503532aca055565c510801f2c4b3c1178,203,0,203,203,1.0,reported,0.507389,0.665025,0.753695,0.620261
hierarchical_sgd_context,ALBL-d7a92b911b2c469f9fb85d220c4cc53811a7f280d395332df796bd1660aeeee1,264,3,261,261,0.9886363636363636,reported,0.555556,0.735632,0.816092,0.670886
hierarchical_sgd_context,ALBL-d7bb01eb8d746f1f9d0a1c46bb8ab67c980a36f3fbbdf2d4671c7ce7e040539c,485,5,480,480,0.9896907216494846,reported,0.63125,0.76875,0.814583,0.720742
hierarchical_sgd_context,ALBL-d979019ce70ed85f25885322d6573ee2b06fc89d5d3a312f05d0e571d3c1e6b9,104,2,102,102,0.9807692307692307,reported,0.588235,0.735294,0.77451,0.682637
hierarchical_sgd_context,ALBL-da9d5eb8de99255ccb4d6af827d525b9756ed63f0144d90067a98ac15e7404e8,151,4,147,147,0.9735099337748344,reported,0.605442,0.843537,0.897959,0.736161
hierarchical_sgd_context,ALBL-dc8f1d73d2a7e7197ef9aa9abc2f54ad1c65f8c859a130403d44a3acdcbdb9a7,268,27,241,241,0.8992537313432836,reported,0.634855,0.792531,0.842324,0.733363
hierarchical_sgd_context,ALBL-de0f80e3bfa4aad6217752f1c1440d11228188a028dc94fa69b1f787401c2def,274,2,272,272,0.9927007299270073,reported,0.444853,0.658088,0.735294,0.58849
hierarchical_sgd_context,ALBL-de2120b6e55092ce5c5aa011967ce8dcfffae11ffbb993f47bdf018134f00676,257,49,208,208,0.8093385214007782,reported,0.581731,0.740385,0.841346,0.691359
hierarchical_sgd_context,ALBL-df36480d1c39db0bd7c57e8729258ffe1f0e03d719943c6ade41e38e9f4c0dcd,198,3,195,195,0.9848484848484849,reported,0.482051,0.697436,0.764103,0.616355
hierarchical_sgd_context,ALBL-e3629c2151d449562136201f8da51770a96f0b5e1d3ab3324e65c4f2fe40256d,187,2,185,185,0.9893048128342246,reported,0.32973,0.583784,0.659459,0.504788
hierarchical_sgd_context,ALBL-e36a821d097c02334c1e15e0e35e40107b21fac23a4c1d89fe9b45f1030533c5,172,0,172,172,1.0,reported,0.517442,0.69186,0.761628,0.635723
hierarchical_sgd_context,ALBL-e40ca6e7685b01b18b567faf579406988813bbc01e8d2aad140f8c9ed0986691,125,0,125,125,1.0,reported,0.52,0.712,0.784,0.654693
hierarchical_sgd_context,ALBL-e46eba02dd6aeba07ab93fe500e9c0e763b4d30e10187dc7876ef527c9fca822,217,18,199,199,0.9170506912442397,reported,0.522613,0.663317,0.763819,0.637627
hierarchical_sgd_context,ALBL-e60d314b51617b1122c7504e84f6cb188d601755a9f3ed2bf60c18533f42c483,97,0,97,97,1.0,reported,0.484536,0.752577,0.804124,0.633216
hierarchical_sgd_context,ALBL-e72e4ade8d97665aa4a2256764cb353dfa64deccf822922b70f06d7ee29f3c94,118,1,117,117,0.9915254237288136,reported,0.487179,0.675214,0.752137,0.619339
hierarchical_sgd_context,ALBL-e85609f71a45bee71a1f0d38eca2780c52910c2125d64d1cc060c4aa63cb4114,342,7,335,335,0.97953216374269,reported,0.483582,0.707463,0.773134,0.622269
hierarchical_sgd_context,ALBL-e9a4c85e9728ea650fe95413c3e3e10896819996b77097c55e8b48164ad00e35,139,1,138,138,0.9928057553956835,reported,0.550725,0.775362,0.833333,0.678812
hierarchical_sgd_context,ALBL-eb108f2c1f83074b207ab2be2d7d69c06e433803fec18042e383702c08ae6036,133,2,131,131,0.9849624060150376,reported,0.29771,0.610687,0.770992,0.501858
hierarchical_sgd_context,ALBL-ebe5f9209243e8cc0730f985167ab1298e9e6b87f738cbdaaa2789cd93dc9812,125,1,124,124,0.992,reported,0.483871,0.75,0.830645,0.632171
hierarchical_sgd_context,ALBL-ec1a6a5ce2ff06a97a913a555309205d1ec638937f61e263acda0f10b28e85aa,131,8,123,123,0.9389312977099237,reported,0.471545,0.658537,0.772358,0.607013
hierarchical_sgd_context,ALBL-ec3093fcb691301b6cc4a5e0a5c9ee093e661b6b35b618255b5590bc4b0c8826,175,21,154,154,0.88,reported,0.538961,0.785714,0.844156,0.680933
hierarchical_sgd_context,ALBL-ecfef7f6f92be0e12b16b1883492c5074fcebcc87b380e577cea3d43f25ef6df,355,6,349,349,0.9830985915492958,reported,0.532951,0.730659,0.796562,0.663478
hierarchical_sgd_context,ALBL-ee761957fd84d9c113ca2d9014b1d2209def3e6742e7c877eae5c8bdcb8b533e,130,1,129,129,0.9923076923076923,reported,0.496124,0.751938,0.829457,0.643481
hierarchical_sgd_context,ALBL-ef963e525bebe48fd785903ab976c726352c21df455380b64bd62eb74a2ae1b4,233,1,232,232,0.9957081545064378,reported,0.487069,0.693966,0.732759,0.62425
hierarchical_sgd_context,ALBL-f01c232566c50c600194af8656475231127091412b8ac4819d979c7595e78db3,334,0,334,334,1.0,reported,0.607784,0.754491,0.805389,0.70651
hierarchical_sgd_context,ALBL-f13232ac4d20a03d1895a207e1d242b71a0fff71fc387a2dce2728146c4583ea,130,0,130,130,1.0,reported,0.569231,0.746154,0.8,0.676877
hierarchical_sgd_context,ALBL-f17a363490fbf411d96b103d956dc0fa2f5ffeed1ce475e10c0db695c00b516d,215,5,210,210,0.9767441860465116,reported,0.571429,0.671429,0.757143,0.664265
hierarchical_sgd_context,ALBL-f1d17edd22455d0bb54bc9f551890a1040c9af1b1f7c4e516f53bb4c5cd7ad5b,208,3,205,205,0.9855769230769231,reported,0.468293,0.692683,0.785366,0.614236
hierarchical_sgd_context,ALBL-f5b44700d88df27400bbc80123221c3d4510d850e6f6494eb136693cd655b7fa,77,9,68,68,0.8831168831168831,reported,0.25,0.529412,0.661765,0.438772
hierarchical_sgd_context,ALBL-f5c838e8479f7115b41dccc8470f0a7bf4f9af29972a3900d66118cbac0f88b3,95,0,95,95,1.0,reported,0.515789,0.705263,0.768421,0.645996
hierarchical_sgd_context,ALBL-f6c453a4cec050452655cd7fefbae80257efb4583635d09d28721f006bc73813,165,0,165,165,1.0,reported,0.448485,0.727273,0.775758,0.604865
hierarchical_sgd_context,ALBL-f7d16738e8a0e28cd1e8432bc528a43c0b30e4480724c7c5ec7308ebd620c3bc,66,0,66,66,1.0,reported,0.787879,0.924242,0.939394,0.863359
hierarchical_sgd_context,ALBL-f82592dd2f2843d995b82060d966ef0133424aae05676b853f6742afe8e0a878,215,6,209,209,0.9720930232558139,reported,0.4689,0.703349,0.794258,0.617498
hierarchical_sgd_context,ALBL-fc83eb0c2b9caf7b6655f612f98b6c57a3a90e33dadb1e65cb5c8eaae604cd5a,56,0,56,56,1.0,reported,0.446429,0.625,0.714286,0.576609
hierarchical_sgd_context,ALBL-fd0a058a50b05e2475b35bc7a53f2535fc78c8526b94226cb77723f1e78637ef,114,37,77,77,0.6754385964912281,reported,0.38961,0.753247,0.857143,0.594498
hierarchical_sgd_context,ALBL-fddf535e5b713884564473e370696e9d3ff93e4f56e8f974e38c66f522386646,248,8,240,240,0.967741935483871,reported,0.429167,0.658333,0.7125,0.578332
hierarchical_sgd_context,ALBL-ffa5a6949797a99fe90a6aae5ad6a788e26cd47439ea35eaf1e71c156dd3a765,43,0,43,43,1.0,reported,0.627907,0.674419,0.744186,0.687781
hierarchical_sgd_no_source_label,ALBL-0261b0368c5af1b8ccdaeccbab00785624e008ac644429d8d84947f16a8e1246,31,0,31,31,1.0,reported,0.516129,0.870968,0.903226,0.702509
hierarchical_sgd_no_source_label,ALBL-05027a559ca8274e1af58649dead83910cf96e6bbae590d148a5efe5010ede07,156,3,153,153,0.9807692307692307,reported,0.522876,0.75817,0.797386,0.656087
hierarchical_sgd_no_source_label,ALBL-05fe1effba76833f120b714fd0141df46b7970d83c822c8a91201585ff6bb5ea,31,0,31,31,1.0,reported,0.483871,0.774194,0.806452,0.62931
hierarchical_sgd_no_source_label,ALBL-0828f126ccf0c88bdf414c410611374063d1ab6c756389b0c253efbbab6dcd4d,478,12,466,466,0.9748953974895398,reported,0.487124,0.718884,0.783262,0.630902
hierarchical_sgd_no_source_label,ALBL-0929cce7f34a4cdb493f568ffaa9af65e0d1e65bd213ca7ccc8238383301f5d9,188,3,185,185,0.9840425531914894,reported,0.567568,0.756757,0.848649,0.686993
hierarchical_sgd_no_source_label,ALBL-0a1a532fbfe9b4e01ba4d08dc1af1a73c305efb613a891a1b1339cbc2ef41bdc,194,3,191,191,0.9845360824742269,reported,0.633508,0.759162,0.811518,0.723116
hierarchical_sgd_no_source_label,ALBL-0b0fe4f2cc23badddb1c1ebb33c22cc45c6f41924b2d4b3172d8625fc7f6e4b2,337,4,333,333,0.9881305637982196,reported,0.393393,0.546547,0.666667,0.525003
hierarchical_sgd_no_source_label,ALBL-0b85ce543a1bd0918047e0b04b3122ff8c8ac71a59f415e4b7185b7267f32139,112,3,109,109,0.9732142857142857,reported,0.614679,0.798165,0.825688,0.727367
hierarchical_sgd_no_source_label,ALBL-0c1cbb0aa0ebc67715d27ebbaf942ec5de9ebbfedcb37cbdbf03fba067fee404,150,0,150,150,1.0,reported,0.506667,0.746667,0.82,0.645258
hierarchical_sgd_no_source_label,ALBL-0d10d90fcd6f9613167e94880a655155a1e2d6351e228824fcf59988dfbdd8f6,337,49,288,288,0.8545994065281899,reported,0.513889,0.666667,0.774306,0.626824
hierarchical_sgd_no_source_label,ALBL-0e0e8e661f2739ca41959d3626f404f85140a2cbdc6d8ed229931879550ab46e,244,2,242,242,0.9918032786885246,reported,0.495868,0.669421,0.756198,0.615634
hierarchical_sgd_no_source_label,ALBL-0fad1a0628b44667e6d7ea5400c1265783ad07b0e8a6f5e211f741bc5456eff8,297,46,251,251,0.8451178451178452,reported,0.474104,0.661355,0.749004,0.607854
hierarchical_sgd_no_source_label,ALBL-1136c276f991eb3cba877aef2044b57a9b940feb6a4d3695540916113c5aafd5,61,6,55,55,0.9016393442622951,reported,0.454545,0.690909,0.818182,0.613116
hierarchical_sgd_no_source_label,ALBL-11f90a8c55fbe0699911c1c19ab4046d0a93a992a97ac914cf60449351307a39,193,2,191,191,0.9896373056994818,reported,0.633508,0.759162,0.78534,0.718852
hierarchical_sgd_no_source_label,ALBL-1347d8cb47ac4267756940fe68d3c6c4fc79c584d4f4a8b7761c7981696c39c2,132,1,131,131,0.9924242424242424,reported,0.534351,0.694656,0.763359,0.648476
hierarchical_sgd_no_source_label,ALBL-1753897f8c66389b862ec914699598c03d64c509e330ce87a7421c9325a0ac9f,145,1,144,144,0.993103448275862,reported,0.548611,0.659722,0.756944,0.64412
hierarchical_sgd_no_source_label,ALBL-17684bc3770d1aec5c2bd652a8807086eae2d17921537773d7065a03fe954aab,93,1,92,92,0.989247311827957,reported,0.467391,0.673913,0.717391,0.605545
hierarchical_sgd_no_source_label,ALBL-17a705471f9603aa36a32eccd5a72e57b03ee08200a8ee9b075466924284be0d,98,7,91,91,0.9285714285714286,reported,0.43956,0.571429,0.703297,0.563729
hierarchical_sgd_no_source_label,ALBL-1966ab7fbcd7e029e5d23d46e16dd169141761a81c9ccb7ad58233a524454fd5,19,16,3,3,0.15789473684210525,suppressed_below_20_events,,,,
hierarchical_sgd_no_source_label,ALBL-1977978993b2949e4425ba3d1e00a27af4ff44e6123be893f0fff6439f76e7e3,483,59,424,424,0.8778467908902692,reported,0.436321,0.632075,0.721698,0.572014
hierarchical_sgd_no_source_label,ALBL-19be539ea558fbcef5a22605c16c9872520ccad409f3e1624e7105b28a7760cb,25,0,25,25,1.0,reported,0.16,0.24,0.28,0.276677
hierarchical_sgd_no_source_label,ALBL-19e6d081ff62ae40b3e88e22cef1e5d0ec872a8e6f3866590efc6d45eb909d16,126,0,126,126,1.0,reported,0.539683,0.690476,0.761905,0.644707
hierarchical_sgd_no_source_label,ALBL-1a992211d5b1262263ca23d60bf8d7103e1eba254b60f9e0e0a05617ae61dc4f,147,0,147,147,1.0,reported,0.340136,0.62585,0.789116,0.533749
hierarchical_sgd_no_source_label,ALBL-1c521aa5918a7c228d52dd39e33749ac1ed6902f61bfed0d6daaa3c3adfc4357,328,57,271,271,0.8262195121951219,reported,0.420664,0.664207,0.767528,0.580343
hierarchical_sgd_no_source_label,ALBL-1f58a6ffe8bece560a2d7cd3f95b1c5fedac73381c77a301c279e6c79036b7f0,68,0,68,68,1.0,reported,0.661765,0.911765,0.911765,0.784342
hierarchical_sgd_no_source_label,ALBL-1f7fed06b8efb360d17055fb5863e54d09a25560e048c3bf2ee01153da3c93c4,205,0,205,205,1.0,reported,0.6,0.756098,0.8,0.701967
hierarchical_sgd_no_source_label,ALBL-23cc9ad5656ade82d0585fba15746eec8fbcbb8ecbcd883d7fc885d404d1478b,26,0,26,26,1.0,reported,0.653846,0.807692,0.846154,0.741465
hierarchical_sgd_no_source_label,ALBL-247a321492792bdb57c32c163643edba2d15422f23a86af468d8f0bfb5c89077,262,2,260,260,0.9923664122137404,reported,0.296154,0.553846,0.665385,0.470261
hierarchical_sgd_no_source_label,ALBL-24ab2db65ff01b86f7df8f18130ad4db0b5a038f7c40263e75fb0b0dc7213232,70,0,70,70,1.0,reported,0.285714,0.571429,0.642857,0.460659
hierarchical_sgd_no_source_label,ALBL-24b00b86757b8524f811b193bdeb83ef1329a0c57055807a6ded111fa42e68f3,139,5,134,134,0.9640287769784173,reported,0.552239,0.776119,0.835821,0.685856
hierarchical_sgd_no_source_label,ALBL-255b39be5ec120d92543e4e21dc87011282877c2b9e48c00579662e497eb22d4,64,1,63,63,0.984375,reported,0.333333,0.507937,0.603175,0.466712
hierarchical_sgd_no_source_label,ALBL-275cbdad252f54c6748319f45ee0a8a3135340327f40dfd3f83e5b261bcad5df,93,0,93,93,1.0,reported,0.526882,0.677419,0.763441,0.627603
hierarchical_sgd_no_source_label,ALBL-275d6c06b34fc1ede399aff72db03e76929b074ec212f94453d28ff922f95804,264,1,263,263,0.9962121212121212,reported,0.570342,0.745247,0.828897,0.681225
hierarchical_sgd_no_source_label,ALBL-2807b98ea33a2a358a5e75262d1634d94c6402340cb7f15b88794a34f694ba24,158,33,125,125,0.7911392405063291,reported,0.448,0.728,0.8,0.612635
hierarchical_sgd_no_source_label,ALBL-284f21f38fb89fffc6231f1c8e4e864ddfb421bed3792bc18e665896dd0864c9,260,96,164,164,0.6307692307692307,reported,0.5,0.695122,0.780488,0.627628
hierarchical_sgd_no_source_label,ALBL-2af009abc260058ed488c3cc5bd979e4028fa2b64a389c66f06c6ef5e8743d9a,249,1,248,248,0.9959839357429718,reported,0.491935,0.729839,0.794355,0.637622
hierarchical_sgd_no_source_label,ALBL-2b47111c3ae429f7fd49243653f4b70387bf44642bbb3d8c30fd5cc8b8063b34,171,0,171,171,1.0,reported,0.51462,0.736842,0.818713,0.659615
hierarchical_sgd_no_source_label,ALBL-2c0d33cebcdf6b69c4dbde5486faeab809292ba09e1c547ffa0bffdbf69312ac,215,1,214,214,0.9953488372093023,reported,0.626168,0.785047,0.850467,0.72733
hierarchical_sgd_no_source_label,ALBL-2c4757a584ada65232fd4e1061bb867f3e2341823f769a11a3ad84438bfe03a6,27,0,27,27,1.0,reported,0.777778,0.777778,0.851852,0.811199
hierarchical_sgd_no_source_label,ALBL-2c8bc6640d674fb0494ab3a0352bfacdd7243a34c724124ee036737fd0d39b2d,128,2,126,126,0.984375,reported,0.444444,0.68254,0.801587,0.59816
hierarchical_sgd_no_source_label,ALBL-2cd7183a0cf674ea30188d5d0032a7ba17c2775bd7ee862325f9ed98d3d5ee1f,427,2,425,425,0.9953161592505855,reported,0.414118,0.609412,0.701176,0.554716
hierarchical_sgd_no_source_label,ALBL-2e810b55afb91280b967725073e8e9dee97ffc7e57519fa876a5eef1c60b2833,104,1,103,103,0.9903846153846154,reported,0.737864,0.854369,0.883495,0.805306
hierarchical_sgd_no_source_label,ALBL-2f8b2ec6bcd75a5e76215bbd5e2e95d25bed68c81acf7ea38f86e111ac5ced35,258,18,240,240,0.9302325581395349,reported,0.391667,0.6,0.725,0.539331
hierarchical_sgd_no_source_label,ALBL-3031bd18d220db6520e49505d607f0577ab0291d63ca904ef8c75c6e35e6d3fc,256,1,255,255,0.99609375,reported,0.427451,0.588235,0.682353,0.55567
hierarchical_sgd_no_source_label,ALBL-30f7e60627845f9d0fd4aec317723f5156cbb07ff715a9b98385f64c558bd2fa,126,0,126,126,1.0,reported,0.5,0.65873,0.730159,0.623545
hierarchical_sgd_no_source_label,ALBL-314c2bafd9ac4593acb1cd858e97edf4ad5631f78cb356ce14019e732aa2ae48,139,1,138,138,0.9928057553956835,reported,0.528986,0.746377,0.826087,0.663913
hierarchical_sgd_no_source_label,ALBL-33f39cebde978ce9aa6e4c3876032ec25f0e8d1871843f6f21ed6dd57e8d7d4a,221,26,195,195,0.8823529411764706,reported,0.420513,0.589744,0.707692,0.554714
hierarchical_sgd_no_source_label,ALBL-3516aca92330ace937d4d66d19489d317129d236c505c76c829d30f582c702ec,329,0,329,329,1.0,reported,0.431611,0.650456,0.799392,0.579757
hierarchical_sgd_no_source_label,ALBL-36142f7c7512775b0003e10735d3704a243836ce608ddce5ec55d2a9d3b46add,37,2,35,35,0.9459459459459459,reported,0.542857,0.685714,0.742857,0.648863
hierarchical_sgd_no_source_label,ALBL-36c9800bd02cf448b8d1cfd748568b7250020c76eac2b09be6443266d3246492,61,0,61,61,1.0,reported,0.52459,0.704918,0.737705,0.640906
hierarchical_sgd_no_source_label,ALBL-370cf8dec91c8c759d3d4eabfdc7f5c2fda07290e95e14f5731c2a18724159db,33,0,33,33,1.0,reported,0.181818,0.363636,0.545455,0.349657
hierarchical_sgd_no_source_label,ALBL-377b054a1f71b14c70428b5910256bbb843ebcec24665eff55383c467e7c9df7,328,6,322,322,0.9817073170731707,reported,0.493789,0.742236,0.819876,0.645142
hierarchical_sgd_no_source_label,ALBL-37f6eb87430a0b1d7a66bf0a89dab1ed85cf84803d73bee23b3b94e50f1a71be,135,0,135,135,1.0,reported,0.592593,0.792593,0.844444,0.714309
hierarchical_sgd_no_source_label,ALBL-37ff92a2c4a991915f72decba88e5b2eded6f8d585460ca3c198988ae1274572,291,4,287,287,0.9862542955326461,reported,0.390244,0.609756,0.710801,0.540063
hierarchical_sgd_no_source_label,ALBL-3aea2c0801f6f0a6142d4a1b36a638bf2b641a219dfd7ac90ea19346b4e1c1ea,29,0,29,29,1.0,reported,0.965517,0.965517,1.0,0.972414
hierarchical_sgd_no_source_label,ALBL-3dab537bbce562a80504255944b4f84168fe4cdfe736c5f5569088ee394644b6,267,1,266,266,0.9962546816479401,reported,0.541353,0.703008,0.789474,0.657474
hierarchical_sgd_no_source_label,ALBL-3e8052851c5f2da0234ba405219252f0ffdf30904c8807e3dfdbe6d44d5b2ade,91,1,90,90,0.989010989010989,reported,0.533333,0.7,0.811111,0.650046
hierarchical_sgd_no_source_label,ALBL-3ee93b4fbf1fe5935538066bfee5c8fc4d55b7308cfe1dbf78748e19528345f6,81,2,79,79,0.9753086419753086,reported,0.518987,0.797468,0.848101,0.672315
hierarchical_sgd_no_source_label,ALBL-3f8544460dad7df697f7b1dfe3ceb76f8ee9fee329dff53487a2ff31ae594765,372,2,370,370,0.9946236559139785,reported,0.510811,0.743243,0.789189,0.654131
hierarchical_sgd_no_source_label,ALBL-3ff74c075ec5c2e5728f2ff0bfb20cf17699329068612d45293b05554df57030,269,6,263,263,0.9776951672862454,reported,0.456274,0.589354,0.707224,0.570206
hierarchical_sgd_no_source_label,ALBL-410bedcb3af781aedd8b01993423c88b246553bed5edec02764821357bfb3ad5,0,0,0,0,0.0,no_leakage_safe_test_events,,,,
hierarchical_sgd_no_source_label,ALBL-416efb901b78e0dac353a88963abd0a86b5207467dd399395d3c77f99460a215,103,1,102,102,0.9902912621359223,reported,0.529412,0.696078,0.784314,0.639918
hierarchical_sgd_no_source_label,ALBL-4351325bff68d9ba2013f7254620f426c6d51a30ec2bb8dae4c1d2c8017071f4,281,1,280,280,0.99644128113879,reported,0.528571,0.775,0.835714,0.668649
hierarchical_sgd_no_source_label,ALBL-449c15c13efcf3a854c22dfa004716e1293d43fb1853aea6c0bab03d10c4c10b,66,0,66,66,1.0,reported,0.5,0.742424,0.772727,0.638568
hierarchical_sgd_no_source_label,ALBL-45fb690b1fa5ef0d23dbeb44ff194f49e6899ee138d850ccb0f8ca44cf44f801,113,0,113,113,1.0,reported,0.469027,0.761062,0.823009,0.642636
hierarchical_sgd_no_source_label,ALBL-4643ced8fed4e5f7ffe92d53e345a6e445386087a66e90051378e206de8a183f,224,2,222,222,0.9910714285714286,reported,0.567568,0.734234,0.797297,0.682792
hierarchical_sgd_no_source_label,ALBL-477d40bab9415c1e1fc116f4efe1cd52564f26aef849d2f13bb16fcde179180b,295,1,294,294,0.9966101694915255,reported,0.503401,0.710884,0.768707,0.632171
hierarchical_sgd_no_source_label,ALBL-4ee2de733107bf496cb129ee93841693210261129915ba651cc3fbb0b18de05c,152,2,150,150,0.9868421052631579,reported,0.48,0.64,0.78,0.603491
hierarchical_sgd_no_source_label,ALBL-50741b2ec0bf3af4af14534601eb2b25106535e1be6e7fa756e6062fa54090e3,521,1,520,520,0.9980806142034548,reported,0.453846,0.646154,0.732692,0.58908
hierarchical_sgd_no_source_label,ALBL-5588dea76589911df854bcd8ae85996bb26f89521d661f3f591f4f339057cd55,47,0,47,47,1.0,reported,0.702128,0.787234,0.808511,0.765258
hierarchical_sgd_no_source_label,ALBL-57e56d22dd85362bb8105570741eef2f726eab5029f9510bb149e289c1cdb362,207,1,206,206,0.9951690821256038,reported,0.509709,0.674757,0.781553,0.626194
hierarchical_sgd_no_source_label,ALBL-58317e7308fa764165b4d6a3ef2e233753924b1bb3544048ceb57650a8fa89cb,103,1,102,102,0.9902912621359223,reported,0.490196,0.666667,0.715686,0.613077
hierarchical_sgd_no_source_label,ALBL-58b4f98bab37d9f291c25b06ba57304d2b1c689dcc25c63e4ff642ab5584d304,134,2,132,132,0.9850746268656716,reported,0.401515,0.583333,0.659091,0.539475
hierarchical_sgd_no_source_label,ALBL-591263eefafdb52e5702e00434d710421ec77268e1974ea65c6faf003f8b94b8,20,0,20,20,1.0,reported,0.6,0.75,0.8,0.684643
hierarchical_sgd_no_source_label,ALBL-5df3b41d45a211caed7ddd24c3951c2e6837ab2f5322ab023300850d02ea1a5e,65,0,65,65,1.0,reported,0.538462,0.723077,0.815385,0.66749
hierarchical_sgd_no_source_label,ALBL-5fd79266de1ca82a6a701b7b65788f6a770a569318a1351825159d92cf867337,211,0,211,211,1.0,reported,0.50237,0.729858,0.824645,0.643862
hierarchical_sgd_no_source_label,ALBL-60e338cff4ca7d43b678b87ac6d0bc2923b2b774e88285998ea805732a13bc86,103,1,102,102,0.9902912621359223,reported,0.401961,0.686275,0.735294,0.571168
hierarchical_sgd_no_source_label,ALBL-624809a8c6f31530a20bced12f8eeb4a5292640bdb87ef4a277476da24a07d28,139,1,138,138,0.9928057553956835,reported,0.471014,0.666667,0.753623,0.604662
hierarchical_sgd_no_source_label,ALBL-6333d5595ce07957878659758f2179f94c4e244fc91a624bad260e48824e6d0a,150,41,109,109,0.7266666666666667,reported,0.40367,0.697248,0.816514,0.586492
hierarchical_sgd_no_source_label,ALBL-6470d1206d77a5344903490c8022085d5434995cb18f11140acf297a51a4c0f7,186,1,185,185,0.9946236559139785,reported,0.605405,0.702703,0.805405,0.694492
hierarchical_sgd_no_source_label,ALBL-64b99f305e19727a83cafde426896191340dac22d1096e0014290657b528110b,96,2,94,94,0.9791666666666666,reported,0.489362,0.62766,0.712766,0.599381
hierarchical_sgd_no_source_label,ALBL-653f823573f2940bf2c73dfbdb26faef76f3062d797274a12eade0e8fd765269,297,24,273,273,0.9191919191919192,reported,0.498168,0.695971,0.769231,0.624239
hierarchical_sgd_no_source_label,ALBL-65f4c44000b0b3238b828e0cf5c3707b1e174d6799866358fb0a3a8f41ea30c0,103,0,103,103,1.0,reported,0.339806,0.592233,0.757282,0.512332
hierarchical_sgd_no_source_label,ALBL-668adef71637ce73ed0d6930da3df75035de7b9f85a5b5d81a63482870edf608,198,1,197,197,0.9949494949494949,reported,0.477157,0.670051,0.781726,0.611894
hierarchical_sgd_no_source_label,ALBL-674cdf7bedf87c3a984532f3b6d1e7baeeab9de3979127e45718e65f125c5971,137,1,136,136,0.9927007299270073,reported,0.485294,0.654412,0.735294,0.608713
hierarchical_sgd_no_source_label,ALBL-684afcd741ce3fa6d145edabeaaa08c1ac47e5ba86fdc114798bd81786f5418b,38,3,35,35,0.9210526315789473,reported,0.571429,0.828571,0.857143,0.700635
hierarchical_sgd_no_source_label,ALBL-68861076b744e959ac73e2117efa8b1b2b9c67339252c49fa74c306ae22b118d,135,6,129,129,0.9555555555555556,reported,0.643411,0.821705,0.875969,0.749498
hierarchical_sgd_no_source_label,ALBL-696c842e3ed9a1f7ab0284130f1a3ca48afd3efbd581178c263a594bd6158db6,100,1,99,99,0.99,reported,0.606061,0.818182,0.838384,0.72011
hierarchical_sgd_no_source_label,ALBL-69e09ca6ec075c702c80bc29a4f0403c9282b9293273e8873970444db978c065,182,0,182,182,1.0,reported,0.368132,0.681319,0.763736,0.543069
hierarchical_sgd_no_source_label,ALBL-6e2c5eea321edcf85b9bddb1be052f37af0d813916ec5db39e7691ed75c22ca0,410,54,356,356,0.8682926829268293,reported,0.429775,0.674157,0.741573,0.582441
hierarchical_sgd_no_source_label,ALBL-6e584511c3d847a8b7353a50064bbcc569da3e403933cbb51e8a88e2c4fc8f77,115,1,114,114,0.991304347826087,reported,0.473684,0.649123,0.745614,0.602195
hierarchical_sgd_no_source_label,ALBL-6fb00601b23592ac5bee90a3557f53be2b8b4a9e01b50bedf6a92a352e1c4d6b,279,0,279,279,1.0,reported,0.526882,0.752688,0.856631,0.666692
hierarchical_sgd_no_source_label,ALBL-71fc091f8fa9a5349caa201a162fd2a9e7fac847ff925da52daae602b7456737,184,3,181,181,0.9836956521739131,reported,0.607735,0.78453,0.839779,0.717342
hierarchical_sgd_no_source_label,ALBL-725a8caf4f4132e9734ee50844d011d83670da8006b97d5c112f6e33134115ff,206,8,198,198,0.9611650485436893,reported,0.434343,0.656566,0.747475,0.57765
hierarchical_sgd_no_source_label,ALBL-73c8a1a36223a670dc4911fa645f78397410791c1681cf627e1903abaceeedf8,201,0,201,201,1.0,reported,0.393035,0.542289,0.661692,0.521862
hierarchical_sgd_no_source_label,ALBL-758c40daaf5aa99c2bb61b302d6a7e854353d6b58df940ac091ecf62f863018c,99,0,99,99,1.0,reported,0.424242,0.666667,0.727273,0.574116
hierarchical_sgd_no_source_label,ALBL-7623ac04cbb961b36d61bf66b703c428420edf9b13d991e454601fa6c6d792ce,0,0,0,0,0.0,no_leakage_safe_test_events,,,,
hierarchical_sgd_no_source_label,ALBL-7780937cebdf3a7fdf84d6f6de9953c0fd0540f37d1f306578ffeef94a098ca4,164,27,137,137,0.8353658536585366,reported,0.445255,0.693431,0.737226,0.587606
hierarchical_sgd_no_source_label,ALBL-792d55b0a19edfc124c50aba34e23dc8797d058ad9d19feb36f247dd21034d18,117,2,115,115,0.9829059829059829,reported,0.521739,0.704348,0.773913,0.637916
hierarchical_sgd_no_source_label,ALBL-794d5a373c990e135a5ac3527a23c5c8c9431cb100be6cc02eaab0e303e3160e,253,2,251,251,0.9920948616600791,reported,0.549801,0.737052,0.780876,0.66289
hierarchical_sgd_no_source_label,ALBL-7ad638af3a35b7d111f62ea5b56a127ec4dbcf5cd86cc213bda8cd999a257ec9,94,4,90,90,0.9574468085106383,reported,0.244444,0.522222,0.644444,0.437741
hierarchical_sgd_no_source_label,ALBL-7ba722009dee968fea666826254e4d7047ee83b9c2b6439061df005b6dfa14bf,240,0,240,240,1.0,reported,0.595833,0.733333,0.820833,0.69911
hierarchical_sgd_no_source_label,ALBL-7d11225e8215022166cdd99505ba4f36a0b1b68bf5f51c1a126237b869768989,217,4,213,213,0.9815668202764977,reported,0.460094,0.732394,0.807512,0.615713
hierarchical_sgd_no_source_label,ALBL-7e9a60002d7d27bc747175d30b340b7dc85f9fd3a264c05f42b5130737e9af57,145,2,143,143,0.9862068965517241,reported,0.692308,0.839161,0.916084,0.785884
hierarchical_sgd_no_source_label,ALBL-7f3967d3975472e31ce4362dd92a45b49955b2ff273e500482ac5b4118c331c8,166,0,166,166,1.0,reported,0.379518,0.566265,0.686747,0.524426
hierarchical_sgd_no_source_label,ALBL-7f9d51b2153da108c09e27e39e0e3563c5aac119a896eeb929e827f8f1bea542,236,0,236,236,1.0,reported,0.54661,0.741525,0.788136,0.662985
hierarchical_sgd_no_source_label,ALBL-800378ed0482ee65717309245d95ab4ddd74395ddce9272aa4a50433bad833f6,345,54,291,291,0.8434782608695652,reported,0.453608,0.680412,0.766323,0.598391
hierarchical_sgd_no_source_label,ALBL-803895061e7d1b3ae418c5489b90e87ba8b5ba8c6694f214cd7ef630b40dd204,123,0,123,123,1.0,reported,0.642276,0.788618,0.845528,0.737768
hierarchical_sgd_no_source_label,ALBL-84fcfdcf1ab20bc4908a76b2515756f6ec5f78984423e012859049c91ef1f807,35,0,35,35,1.0,reported,0.4,0.657143,0.8,0.56974
hierarchical_sgd_no_source_label,ALBL-851b250b2304762b91768b5123950704538062116628ddfaa11d82ce5c5be520,216,3,213,213,0.9861111111111112,reported,0.671362,0.812207,0.85446,0.758132
hierarchical_sgd_no_source_label,ALBL-87844eb828b520c40f25c1c11d6bfe17d5bac7ac4cee3d7db6c8c804e9846918,29,0,29,29,1.0,reported,0.241379,0.413793,0.517241,0.37946
hierarchical_sgd_no_source_label,ALBL-89fcef5d9b763073e8b54afa5ed7fe58f06329b1fc1223fea93047e30703f75a,235,8,227,227,0.9659574468085106,reported,0.555066,0.678414,0.770925,0.656295
hierarchical_sgd_no_source_label,ALBL-8fe67f1bb9fc285a22c50d0d4d43b33ead424009b4de8dfeab0a3ddddc5c6e1e,231,3,228,228,0.987012987012987,reported,0.491228,0.649123,0.75,0.609531
hierarchical_sgd_no_source_label,ALBL-9033c77c9bc50aacd1b2d8eb24227fe8142eb884573a498b41f5a89be7f0f5a3,268,12,256,256,0.9552238805970149,reported,0.335938,0.589844,0.683594,0.500821
hierarchical_sgd_no_source_label,ALBL-904fcc2d59908c38ed9f59b6a90b30096342461e51a746e515da335e08b6cf49,266,6,260,260,0.9774436090225563,reported,0.434615,0.669231,0.746154,0.581961
hierarchical_sgd_no_source_label,ALBL-9058dcff6afd9940ff9cce807bf7bc883fe6f6d183c5e0958cba710bfa814a13,183,1,182,182,0.994535519125683,reported,0.483516,0.686813,0.791209,0.631042
hierarchical_sgd_no_source_label,ALBL-91e7e3cdbb244167ab7bd584a228ec96d1798f373702980135847af0b640afa5,294,9,285,285,0.9693877551020408,reported,0.477193,0.624561,0.726316,0.595071
hierarchical_sgd_no_source_label,ALBL-93a39f5d64d4b1cd045f2ea90c301f10cfa84e6cb7474f61bb8f90b8b551a8bb,194,14,180,180,0.9278350515463918,reported,0.55,0.855556,0.894444,0.695626
hierarchical_sgd_no_source_label,ALBL-9756ee2b51bd71de0c83766a970f3e1a415810f7477491fbcac8582eb4cb2b32,117,1,116,116,0.9914529914529915,reported,0.344828,0.594828,0.689655,0.507745
hierarchical_sgd_no_source_label,ALBL-9a6e97105d9c2dcd37f9aa00e1e58b3712106f810dd58f474ec3d433a911bc18,231,5,226,226,0.9783549783549783,reported,0.632743,0.716814,0.792035,0.707866
hierarchical_sgd_no_source_label,ALBL-9b613de436fe8c5d5f656a17086440bfd0951848ec313d090cdaa5d763f706b6,170,0,170,170,1.0,reported,0.658824,0.882353,0.923529,0.779376
hierarchical_sgd_no_source_label,ALBL-9d041dfe49b31971ca7df1440a31023002ef9bfc53778672e8ebebf429a0563a,112,2,110,110,0.9821428571428571,reported,0.336364,0.654545,0.718182,0.520861
hierarchical_sgd_no_source_label,ALBL-9d390795617660745271f543e07d046a1559f59554e1df74ef4dc93d904042f3,108,2,106,106,0.9814814814814815,reported,0.603774,0.792453,0.839623,0.710843
hierarchical_sgd_no_source_label,ALBL-9dfbe06f93041cb9bf5f5aa68c56ce9379af282b898eed75115c36908988f75d,75,0,75,75,1.0,reported,0.68,0.84,0.866667,0.778646
hierarchical_sgd_no_source_label,ALBL-9ec1ed5ae5429ec3c201bc8de841504a2e5b413a06a3aa8a963d94108be06e95,81,0,81,81,1.0,reported,0.679012,0.802469,0.851852,0.759953
hierarchical_sgd_no_source_label,ALBL-a544a6bae8dc3a039e1a6690236454a235ec489b230bb6188381cf8018131cab,213,0,213,213,1.0,reported,0.450704,0.694836,0.737089,0.601641
hierarchical_sgd_no_source_label,ALBL-a77568795e33c21efc2dfb2618a260e28c13560b0490be94d601be2e0d5f1dba,107,0,107,107,1.0,reported,0.53271,0.64486,0.728972,0.625776
hierarchical_sgd_no_source_label,ALBL-a93087c6798ab7596000fae7b23bb99f5528ef60d41242c5914dcb12836422cf,177,1,176,176,0.9943502824858758,reported,0.619318,0.738636,0.778409,0.697722
hierarchical_sgd_no_source_label,ALBL-a969c82d8811c619b763ab618ec5363279fb26d32c93efeed133750060e06d93,148,12,136,136,0.918918918918919,reported,0.529412,0.713235,0.801471,0.655665
hierarchical_sgd_no_source_label,ALBL-ababccf91bd7eece0e9ec3cd599f803bff89a216bef0cd48537ae90773c5d93f,256,43,213,213,0.83203125,reported,0.535211,0.807512,0.835681,0.680404
hierarchical_sgd_no_source_label,ALBL-ac709d4648f29c1d718b72ec5675ba04f5baeef5fbcc248d1a6661df48b83c94,356,11,345,345,0.9691011235955056,reported,0.353623,0.597101,0.698551,0.516705
hierarchical_sgd_no_source_label,ALBL-ad0e4d83b1b91dd8dca2501c10a40db6acf0f405e34f11babd92198f6135a8f4,197,1,196,196,0.9949238578680203,reported,0.423469,0.678571,0.739796,0.582159
hierarchical_sgd_no_source_label,ALBL-b05b2ef6bdc95c06ba891db690f7d2bd4fbc6bc9b317302a948bc3323352ed89,259,0,259,259,1.0,reported,0.544402,0.783784,0.868726,0.68701
hierarchical_sgd_no_source_label,ALBL-b13d2c09b86f4e5afd7d5e0ed5496d8f08e8c5438ad84a7f3e398ab3d030f5e5,166,3,163,163,0.9819277108433735,reported,0.460123,0.668712,0.754601,0.605949
hierarchical_sgd_no_source_label,ALBL-b2a691a1a1df18c00b161abfd5f160861921f76fd419e4a473cba62f11a6bdc2,212,1,211,211,0.9952830188679245,reported,0.672986,0.796209,0.872038,0.756265
hierarchical_sgd_no_source_label,ALBL-b3dec828679c767afa3e13f22a6124b9e70b8f8a07941068f89132a6c497954b,280,3,277,277,0.9892857142857143,reported,0.411552,0.617329,0.754513,0.554853
hierarchical_sgd_no_source_label,ALBL-b47259c0f8ec7dc8b05a94acb2921670b00d27d9b8e2b94848653ffd4aa9c890,99,1,98,98,0.98989898989899,reported,0.428571,0.653061,0.744898,0.576273
hierarchical_sgd_no_source_label,ALBL-b4d84befc7e96dbb8387757e7d31f4727c1237610f3bd1ee0bea968bcd69b253,161,1,160,160,0.9937888198757764,reported,0.66875,0.76875,0.85625,0.750416
hierarchical_sgd_no_source_label,ALBL-b531a8de7a6d0c34b19b787255885398b63fd4b92d8984404c6d5271f7d268f1,262,38,224,224,0.8549618320610687,reported,0.209821,0.504464,0.633929,0.412626
hierarchical_sgd_no_source_label,ALBL-b54a07b05128f5872fa2d2cafea41ad88da5df11665216730e41d3f0d57f30ff,176,4,172,172,0.9772727272727273,reported,0.418605,0.627907,0.732558,0.559315
hierarchical_sgd_no_source_label,ALBL-b63cf1e776045825584819d4a14d194bd5a31d3d26a8b732ba027e3967fb2bac,250,2,248,248,0.992,reported,0.625,0.754032,0.826613,0.720412
hierarchical_sgd_no_source_label,ALBL-b6fb9745908a9283df198b367153a16c8346bc5114b5856f9a7ffb412793e6ef,182,4,178,178,0.978021978021978,reported,0.494382,0.674157,0.769663,0.618749
hierarchical_sgd_no_source_label,ALBL-b8557601edc484332b5e016a21d4bbb0916313ae828752e757fc70bab4e86dd4,180,0,180,180,1.0,reported,0.5,0.627778,0.7,0.598059
hierarchical_sgd_no_source_label,ALBL-b8a81d5882dab810d4dd664ff0c4a3e42ed9210e093bf09047883c9c87030795,87,33,54,54,0.6206896551724138,reported,0.388889,0.555556,0.648148,0.522076
hierarchical_sgd_no_source_label,ALBL-b97bd56b9ca53434dfd6bfe48b6585fffd4ce36eddfbe206e6c90faf56a9d6cd,266,11,255,255,0.9586466165413534,reported,0.458824,0.658824,0.788235,0.595933
hierarchical_sgd_no_source_label,ALBL-b9e828d3b8ca5e579e7b8a6233cf2f87100a9347b43e19953a76ef2513129a7e,44,0,44,44,1.0,reported,0.545455,0.727273,0.795455,0.664433
hierarchical_sgd_no_source_label,ALBL-bda9bbfa89b0bd940295ad568d84d7283bdc5124046b7dd9e9f71ed328bb0828,109,0,109,109,1.0,reported,0.486239,0.688073,0.770642,0.621226
hierarchical_sgd_no_source_label,ALBL-bfd7ad7c97808d56342bd0a84bb1be7d9d1b4a221d6d2ad0b5e3f2c5c8605a17,312,14,298,298,0.9551282051282052,reported,0.543624,0.708054,0.788591,0.657622
hierarchical_sgd_no_source_label,ALBL-c1f982b8eb04ff36009623f8516bf6573401da3cbf9ce3a7080b5c95fe25a794,213,1,212,212,0.9953051643192489,reported,0.561321,0.759434,0.778302,0.670914
hierarchical_sgd_no_source_label,ALBL-c28203421388af56e88d8f0ad4f9f31fd91f1b6e3815ee08511ee620b9046d21,90,0,90,90,1.0,reported,0.744444,0.822222,0.844444,0.799687
hierarchical_sgd_no_source_label,ALBL-c4f90fc90e0c97b6dbc57501292e9b4898caa889c277d3081e18c242f774cae2,88,1,87,87,0.9886363636363636,reported,0.609195,0.735632,0.827586,0.700239
hierarchical_sgd_no_source_label,ALBL-c59769af69edb396aee71a6ad277e7792d6a84c4d990757bf20412b33c8b7e24,138,5,133,133,0.9637681159420289,reported,0.368421,0.699248,0.759398,0.559382
hierarchical_sgd_no_source_label,ALBL-c848d6a211291771f93cf108b05b8dc3f7b8fa0a009a6e63609a8b46233e27a4,129,0,129,129,1.0,reported,0.465116,0.635659,0.728682,0.596178
hierarchical_sgd_no_source_label,ALBL-c8913c29ed1bccc83766366e0c593a46aecfcfec350af2ca425ad6fa27b75a61,109,8,101,101,0.926605504587156,reported,0.534653,0.722772,0.80198,0.663209
hierarchical_sgd_no_source_label,ALBL-c8b292a6fd797d5864b6f98a4ca3145941af864722740d9be02e52bb5e4d4d14,136,1,135,135,0.9926470588235294,reported,0.422222,0.614815,0.733333,0.563751
hierarchical_sgd_no_source_label,ALBL-cac4dfe45e2a4ea3c8992080944a6e0c1092bbfea9b5a129b6b007d76b168d38,168,3,165,165,0.9821428571428571,reported,0.357576,0.606061,0.733333,0.522425
hierarchical_sgd_no_source_label,ALBL-cb7c78d5d00ac7147de7b814ebde9ef47d47e7961b8df535b0628bb71e594071,256,23,233,233,0.91015625,reported,0.506438,0.669528,0.742489,0.623032
hierarchical_sgd_no_source_label,ALBL-cc48b376ac63f6fea6880e5372265eef198782cb91bad0382c98db1d34af89df,81,0,81,81,1.0,reported,0.555556,0.777778,0.82716,0.672456
hierarchical_sgd_no_source_label,ALBL-cc5e5e267a45098cd771ea82a20f2b570a5743d6a5716f053f5cb1a8135557ea,128,4,124,124,0.96875,reported,0.475806,0.693548,0.790323,0.617118
hierarchical_sgd_no_source_label,ALBL-cccdb653670a48994ebdcb438849469516c1dce56b03656b2018d90c9d7b2309,66,0,66,66,1.0,reported,0.606061,0.787879,0.833333,0.70766
hierarchical_sgd_no_source_label,ALBL-cd62211172109255e518aac9c918feef626c1ec8599caa975e444bfce28c7e28,149,0,149,149,1.0,reported,0.610738,0.771812,0.798658,0.709262
hierarchical_sgd_no_source_label,ALBL-cd9f7aaab55c5ae86a60abdfb037d7af75d0de0443a6fade6adadc7eeab5a80f,264,81,183,183,0.6931818181818182,reported,0.349727,0.639344,0.759563,0.523745
hierarchical_sgd_no_source_label,ALBL-ce1dbed42e4ffd01b17b35012dd06687b42c427b4423c451dd09eb33b4e346a1,335,8,327,327,0.9761194029850746,reported,0.513761,0.675841,0.792049,0.633617
hierarchical_sgd_no_source_label,ALBL-cec5217a1ba6f2e262da20bd31748b0bc5f4f0dcc7dbf9542cd8d69ed4719a82,121,15,106,106,0.8760330578512396,reported,0.528302,0.698113,0.754717,0.640665
hierarchical_sgd_no_source_label,ALBL-cf2f15a296686c84d839bd68c5e7f9f4aa3c7531a3115b6d11bb4422a06a2037,197,53,144,144,0.7309644670050761,reported,0.520833,0.701389,0.791667,0.642186
hierarchical_sgd_no_source_label,ALBL-cf57a8e5d480a0b56c9f5fe5f01fab0e983c707be56f806e05dd881c68e0ca8b,165,2,163,163,0.9878787878787879,reported,0.539877,0.711656,0.773006,0.65412
hierarchical_sgd_no_source_label,ALBL-d13fe9410299857cfceb924ed5d382cb03b8828be0d06b68c0ed1aae716ebc34,142,0,142,142,1.0,reported,0.5,0.647887,0.725352,0.611507
hierarchical_sgd_no_source_label,ALBL-d5c64a06881af57c8b3bbebdc3498ac503532aca055565c510801f2c4b3c1178,203,0,203,203,1.0,reported,0.507389,0.655172,0.753695,0.61399
hierarchical_sgd_no_source_label,ALBL-d7a92b911b2c469f9fb85d220c4cc53811a7f280d395332df796bd1660aeeee1,264,3,261,261,0.9886363636363636,reported,0.574713,0.743295,0.819923,0.680292
hierarchical_sgd_no_source_label,ALBL-d7bb01eb8d746f1f9d0a1c46bb8ab67c980a36f3fbbdf2d4671c7ce7e040539c,485,5,480,480,0.9896907216494846,reported,0.629167,0.76875,0.81875,0.721307
hierarchical_sgd_no_source_label,ALBL-d979019ce70ed85f25885322d6573ee2b06fc89d5d3a312f05d0e571d3c1e6b9,104,2,102,102,0.9807692307692307,reported,0.588235,0.745098,0.77451,0.684551
hierarchical_sgd_no_source_label,ALBL-da9d5eb8de99255ccb4d6af827d525b9756ed63f0144d90067a98ac15e7404e8,151,4,147,147,0.9735099337748344,reported,0.605442,0.843537,0.911565,0.737138
hierarchical_sgd_no_source_label,ALBL-dc8f1d73d2a7e7197ef9aa9abc2f54ad1c65f8c859a130403d44a3acdcbdb9a7,268,27,241,241,0.8992537313432836,reported,0.643154,0.804979,0.842324,0.738165
hierarchical_sgd_no_source_label,ALBL-de0f80e3bfa4aad6217752f1c1440d11228188a028dc94fa69b1f787401c2def,274,2,272,272,0.9927007299270073,reported,0.444853,0.654412,0.742647,0.586088
hierarchical_sgd_no_source_label,ALBL-de2120b6e55092ce5c5aa011967ce8dcfffae11ffbb993f47bdf018134f00676,257,49,208,208,0.8093385214007782,reported,0.600962,0.740385,0.831731,0.700369
hierarchical_sgd_no_source_label,ALBL-df36480d1c39db0bd7c57e8729258ffe1f0e03d719943c6ade41e38e9f4c0dcd,198,3,195,195,0.9848484848484849,reported,0.482051,0.697436,0.758974,0.615544
hierarchical_sgd_no_source_label,ALBL-e3629c2151d449562136201f8da51770a96f0b5e1d3ab3324e65c4f2fe40256d,187,2,185,185,0.9893048128342246,reported,0.32973,0.583784,0.654054,0.503874
hierarchical_sgd_no_source_label,ALBL-e36a821d097c02334c1e15e0e35e40107b21fac23a4c1d89fe9b45f1030533c5,172,0,172,172,1.0,reported,0.517442,0.69186,0.761628,0.635013
hierarchical_sgd_no_source_label,ALBL-e40ca6e7685b01b18b567faf579406988813bbc01e8d2aad140f8c9ed0986691,125,0,125,125,1.0,reported,0.504,0.704,0.808,0.647435
hierarchical_sgd_no_source_label,ALBL-e46eba02dd6aeba07ab93fe500e9c0e763b4d30e10187dc7876ef527c9fca822,217,18,199,199,0.9170506912442397,reported,0.522613,0.663317,0.78392,0.639111
hierarchical_sgd_no_source_label,ALBL-e60d314b51617b1122c7504e84f6cb188d601755a9f3ed2bf60c18533f42c483,97,0,97,97,1.0,reported,0.484536,0.762887,0.814433,0.633546
hierarchical_sgd_no_source_label,ALBL-e72e4ade8d97665aa4a2256764cb353dfa64deccf822922b70f06d7ee29f3c94,118,1,117,117,0.9915254237288136,reported,0.487179,0.649573,0.752137,0.614934
hierarchical_sgd_no_source_label,ALBL-e85609f71a45bee71a1f0d38eca2780c52910c2125d64d1cc060c4aa63cb4114,342,7,335,335,0.97953216374269,reported,0.483582,0.707463,0.776119,0.622366
hierarchical_sgd_no_source_label,ALBL-e9a4c85e9728ea650fe95413c3e3e10896819996b77097c55e8b48164ad00e35,139,1,138,138,0.9928057553956835,reported,0.550725,0.782609,0.826087,0.680974
hierarchical_sgd_no_source_label,ALBL-eb108f2c1f83074b207ab2be2d7d69c06e433803fec18042e383702c08ae6036,133,2,131,131,0.9849624060150376,reported,0.29771,0.610687,0.763359,0.501738
hierarchical_sgd_no_source_label,ALBL-ebe5f9209243e8cc0730f985167ab1298e9e6b87f738cbdaaa2789cd93dc9812,125,1,124,124,0.992,reported,0.475806,0.741935,0.830645,0.629227
hierarchical_sgd_no_source_label,ALBL-ec1a6a5ce2ff06a97a913a555309205d1ec638937f61e263acda0f10b28e85aa,131,8,123,123,0.9389312977099237,reported,0.487805,0.674797,0.788618,0.61965
hierarchical_sgd_no_source_label,ALBL-ec3093fcb691301b6cc4a5e0a5c9ee093e661b6b35b618255b5590bc4b0c8826,175,21,154,154,0.88,reported,0.545455,0.785714,0.837662,0.68614
hierarchical_sgd_no_source_label,ALBL-ecfef7f6f92be0e12b16b1883492c5074fcebcc87b380e577cea3d43f25ef6df,355,6,349,349,0.9830985915492958,reported,0.532951,0.730659,0.793696,0.662069
hierarchical_sgd_no_source_label,ALBL-ee761957fd84d9c113ca2d9014b1d2209def3e6742e7c877eae5c8bdcb8b533e,130,1,129,129,0.9923076923076923,reported,0.503876,0.713178,0.844961,0.643275
hierarchical_sgd_no_source_label,ALBL-ef963e525bebe48fd785903ab976c726352c21df455380b64bd62eb74a2ae1b4,233,1,232,232,0.9957081545064378,reported,0.478448,0.693966,0.724138,0.619144
hierarchical_sgd_no_source_label,ALBL-f01c232566c50c600194af8656475231127091412b8ac4819d979c7595e78db3,334,0,334,334,1.0,reported,0.607784,0.763473,0.802395,0.707182
hierarchical_sgd_no_source_label,ALBL-f13232ac4d20a03d1895a207e1d242b71a0fff71fc387a2dce2728146c4583ea,130,0,130,130,1.0,reported,0.569231,0.746154,0.792308,0.677117
hierarchical_sgd_no_source_label,ALBL-f17a363490fbf411d96b103d956dc0fa2f5ffeed1ce475e10c0db695c00b516d,215,5,210,210,0.9767441860465116,reported,0.566667,0.666667,0.785714,0.662806
hierarchical_sgd_no_source_label,ALBL-f1d17edd22455d0bb54bc9f551890a1040c9af1b1f7c4e516f53bb4c5cd7ad5b,208,3,205,205,0.9855769230769231,reported,0.453659,0.697561,0.790244,0.606557
hierarchical_sgd_no_source_label,ALBL-f5b44700d88df27400bbc80123221c3d4510d850e6f6494eb136693cd655b7fa,77,9,68,68,0.8831168831168831,reported,0.235294,0.529412,0.632353,0.431278
hierarchical_sgd_no_source_label,ALBL-f5c838e8479f7115b41dccc8470f0a7bf4f9af29972a3900d66118cbac0f88b3,95,0,95,95,1.0,reported,0.526316,0.705263,0.757895,0.651585
hierarchical_sgd_no_source_label,ALBL-f6c453a4cec050452655cd7fefbae80257efb4583635d09d28721f006bc73813,165,0,165,165,1.0,reported,0.442424,0.715152,0.787879,0.601943
hierarchical_sgd_no_source_label,ALBL-f7d16738e8a0e28cd1e8432bc528a43c0b30e4480724c7c5ec7308ebd620c3bc,66,0,66,66,1.0,reported,0.787879,0.924242,0.939394,0.86298
hierarchical_sgd_no_source_label,ALBL-f82592dd2f2843d995b82060d966ef0133424aae05676b853f6742afe8e0a878,215,6,209,209,0.9720930232558139,reported,0.464115,0.712919,0.803828,0.615966
hierarchical_sgd_no_source_label,ALBL-fc83eb0c2b9caf7b6655f612f98b6c57a3a90e33dadb1e65cb5c8eaae604cd5a,56,0,56,56,1.0,reported,0.428571,0.625,0.732143,0.566741
hierarchical_sgd_no_source_label,ALBL-fd0a058a50b05e2475b35bc7a53f2535fc78c8526b94226cb77723f1e78637ef,114,37,77,77,0.6754385964912281,reported,0.376623,0.766234,0.844156,0.589067
hierarchical_sgd_no_source_label,ALBL-fddf535e5b713884564473e370696e9d3ff93e4f56e8f974e38c66f522386646,248,8,240,240,0.967741935483871,reported,0.429167,0.6625,0.7125,0.575806
hierarchical_sgd_no_source_label,ALBL-ffa5a6949797a99fe90a6aae5ad6a788e26cd47439ea35eaf1e71c156dd3a765,43,0,43,43,1.0,reported,0.627907,0.651163,0.744186,0.685522
