model,artist_label_id,candidate_event_count_before_leakage_filter,leakage_excluded_event_count,leakage_safe_event_count,predicted_event_count,end_to_end_event_coverage,metric_status,top1_accuracy,top3_accuracy,top5_accuracy,mrr
global_frequency,141,34,0,34,34,1.0,reported,0.235294,0.323529,0.441176,0.357221
global_frequency,404 Rapper,170,2,168,168,0.9882352941176471,reported,0.172619,0.267857,0.375,0.306762
global_frequency,APMOZART,151,2,149,149,0.9867549668874173,reported,0.14094,0.436242,0.483221,0.336269
global_frequency,AR,330,14,316,316,0.9575757575757575,reported,0.155063,0.253165,0.360759,0.289878
global_frequency,Ansr J,408,19,389,389,0.9534313725490197,reported,0.118252,0.313625,0.449871,0.288626
global_frequency,Athree,152,2,150,150,0.9868421052631579,reported,0.066667,0.2,0.36,0.223665
global_frequency,Ayo97,17,16,1,1,0.058823529411764705,suppressed_below_20_events,,,,
global_frequency,Blow Fever,87,0,87,87,1.0,reported,0.172414,0.218391,0.264368,0.277086
global_frequency,BossWang,89,0,89,89,1.0,reported,0.191011,0.202247,0.617978,0.338346
global_frequency,Bridge,268,6,262,262,0.9776119402985075,reported,0.141221,0.305344,0.419847,0.300302
global_frequency,Busta Z,325,1,324,324,0.9969230769230769,reported,0.098765,0.330247,0.487654,0.292219
global_frequency,C-Block,281,0,281,281,1.0,reported,0.113879,0.402135,0.512456,0.315189
global_frequency,C-Low,170,6,164,164,0.9647058823529412,reported,0.036585,0.262195,0.420732,0.241589
global_frequency,CJ BAda$$ (希介),267,0,267,267,1.0,reported,0.198502,0.47191,0.573034,0.388927
global_frequency,Capper,185,3,182,182,0.9837837837837838,reported,0.098901,0.192308,0.324176,0.238405
global_frequency,Cayden,92,0,92,92,1.0,reported,0.130435,0.380435,0.521739,0.334429
global_frequency,Cream D,65,3,62,62,0.9538461538461539,reported,0.048387,0.177419,0.435484,0.206004
global_frequency,DBL.D,144,0,144,144,1.0,reported,0.111111,0.291667,0.409722,0.284538
global_frequency,Dirty Twinz,264,4,260,260,0.9848484848484849,reported,0.076923,0.3,0.361538,0.250859
global_frequency,FAC-D12,302,0,302,302,1.0,reported,0.125828,0.370861,0.47351,0.324922
global_frequency,G Sauce,145,0,145,145,1.0,reported,0.158621,0.310345,0.441379,0.323004
global_frequency,GAI,444,38,406,406,0.9144144144144144,reported,0.123153,0.258621,0.455665,0.295804
global_frequency,GALI,368,37,331,331,0.8994565217391305,reported,0.111782,0.362538,0.471299,0.306442
global_frequency,GNS耀耀,144,2,142,142,0.9861111111111112,reported,0.169014,0.415493,0.549296,0.35865
global_frequency,Ghost Crew,307,0,307,307,1.0,reported,0.127036,0.34202,0.557003,0.316389
global_frequency,Gm仙,197,0,197,197,1.0,reported,0.147208,0.28934,0.461929,0.316591
global_frequency,Green Soldier,50,0,50,50,1.0,reported,0.02,0.52,0.66,0.326195
global_frequency,HAS,240,4,236,236,0.9833333333333333,reported,0.09322,0.245763,0.305085,0.256769
global_frequency,Higher Brothers,140,3,137,137,0.9785714285714285,reported,0.233577,0.386861,0.540146,0.3746
global_frequency,Hotkey金朝,227,0,227,227,1.0,reported,0.198238,0.471366,0.599119,0.376339
global_frequency,ICE,250,1,249,249,0.996,reported,0.084337,0.261044,0.329317,0.251283
global_frequency,Ice Paper,406,2,404,404,0.9950738916256158,reported,0.094059,0.388614,0.55198,0.319345
global_frequency,JD,426,43,383,383,0.8990610328638498,reported,0.27154,0.422977,0.545692,0.416939
global_frequency,Jarstick,595,4,591,591,0.9932773109243698,reported,0.130288,0.333333,0.553299,0.325119
global_frequency,Jony J,416,2,414,414,0.9951923076923077,reported,0.072464,0.253623,0.413043,0.257804
global_frequency,KITO,85,1,84,84,0.9882352941176471,reported,0.154762,0.464286,0.559524,0.328038
global_frequency,KKLUV,176,30,146,146,0.8295454545454546,reported,0.178082,0.363014,0.486301,0.339479
global_frequency,Kandi 侃迪,474,4,470,470,0.9915611814345991,reported,0.102128,0.291489,0.459574,0.282149
global_frequency,Kc,494,7,487,487,0.9858299595141701,reported,0.096509,0.26078,0.433265,0.267337
global_frequency,Kigga,152,8,144,144,0.9473684210526315,reported,0.125,0.208333,0.430556,0.268121
global_frequency,KnowKnow,192,0,192,192,1.0,reported,0.145833,0.411458,0.484375,0.335336
global_frequency,Korn,180,72,108,108,0.6,reported,0.157407,0.324074,0.351852,0.302152
global_frequency,Kzoo,167,13,154,154,0.9221556886227545,reported,0.207792,0.292208,0.512987,0.34848
global_frequency,Lil Milk,122,1,121,121,0.9918032786885246,reported,0.024793,0.247934,0.421488,0.223798
global_frequency,MULA SAKEE,298,1,297,297,0.9966442953020134,reported,0.212121,0.387205,0.47138,0.368356
global_frequency,Mac Overseas,361,1,360,360,0.997229916897507,reported,0.188889,0.397222,0.516667,0.355767
global_frequency,Max马俊,160,3,157,157,0.98125,reported,0.127389,0.235669,0.547771,0.298521
global_frequency,Melo,160,0,160,160,1.0,reported,0.18125,0.425,0.46875,0.341033
global_frequency,Mengzi,232,1,231,231,0.9956896551724138,reported,0.108225,0.316017,0.450216,0.293185
global_frequency,Mercy(lago),272,4,268,268,0.9852941176470589,reported,0.074627,0.257463,0.473881,0.262323
global_frequency,NOTTIBO1,204,3,201,201,0.9852941176470589,reported,0.154229,0.40796,0.542289,0.349355
global_frequency,Nasty Ray,213,70,143,143,0.6713615023474179,reported,0.13986,0.503497,0.552448,0.367592
global_frequency,No Fear Family,285,10,275,275,0.9649122807017544,reported,0.12,0.323636,0.472727,0.302432
global_frequency,Nxmad诺曼得,124,2,122,122,0.9838709677419355,reported,0.114754,0.245902,0.459016,0.263579
global_frequency,OG Three,275,2,273,273,0.9927272727272727,reported,0.106227,0.252747,0.318681,0.250697
global_frequency,OWVRO老弟,167,13,154,154,0.9221556886227545,reported,0.032468,0.344156,0.448052,0.249241
global_frequency,Over$ize,94,1,93,93,0.9893617021276596,reported,0.086022,0.333333,0.430108,0.265637
global_frequency,PO8,204,0,204,204,1.0,reported,0.142157,0.313725,0.47549,0.311794
global_frequency,Poorman,70,0,70,70,1.0,reported,0.214286,0.257143,0.5,0.338723
global_frequency,ROB93,44,0,44,44,1.0,reported,0.181818,0.25,0.5,0.325168
global_frequency,Regi 陈彦希,123,1,122,122,0.991869918699187,reported,0.213115,0.442623,0.508197,0.363853
global_frequency,Rich4ever,224,2,222,222,0.9910714285714286,reported,0.301802,0.432432,0.490991,0.426734
global_frequency,S1,113,0,113,113,1.0,reported,0.106195,0.20354,0.238938,0.240522
global_frequency,SASIOVERLXRD,189,4,185,185,0.9788359788359788,reported,0.135135,0.216216,0.389189,0.261248
global_frequency,Sbazzo,372,68,304,304,0.8172043010752689,reported,0.171053,0.371711,0.493421,0.343793
global_frequency,Six City,31,0,31,31,1.0,reported,0.193548,0.387097,0.387097,0.349462
global_frequency,Sleepycat,103,0,103,103,1.0,reported,0.097087,0.252427,0.446602,0.276244
global_frequency,Surfosho,81,0,81,81,1.0,reported,0.17284,0.308642,0.45679,0.314307
global_frequency,TOYOKI,300,4,296,296,0.9866666666666667,reported,0.138514,0.344595,0.442568,0.319397
global_frequency,TShawn,92,0,92,92,1.0,reported,0.130435,0.380435,0.521739,0.334429
global_frequency,TY,417,1,416,416,0.9976019184652278,reported,0.100962,0.375,0.497596,0.299444
global_frequency,Tangoz,461,14,447,447,0.9696312364425163,reported,0.163311,0.342282,0.50783,0.331196
global_frequency,Tizzy T,358,11,347,347,0.9692737430167597,reported,0.135447,0.282421,0.417867,0.296311
global_frequency,Toryondacloud,97,0,97,97,1.0,reported,0.103093,0.515464,0.659794,0.359069
global_frequency,Turbo嗣尧,200,1,199,199,0.995,reported,0.165829,0.462312,0.532663,0.351029
global_frequency,V.O.B.,139,4,135,135,0.9712230215827338,reported,0.037037,0.177778,0.474074,0.216997
global_frequency,Vava,554,36,518,518,0.9350180505415162,reported,0.131274,0.332046,0.503861,0.310543
global_frequency,Wya乌鸦,321,0,321,321,1.0,reported,0.140187,0.53271,0.647975,0.392903
global_frequency,YOUNG,337,0,337,337,1.0,reported,0.151335,0.305638,0.445104,0.31242
global_frequency,YOUNGLEGO,146,3,143,143,0.9794520547945206,reported,0.174825,0.314685,0.440559,0.341673
global_frequency,YoungChigga,251,0,251,251,1.0,reported,0.131474,0.318725,0.517928,0.315346
global_frequency,YuGo,164,0,164,164,1.0,reported,0.134146,0.463415,0.52439,0.327858
global_frequency,jinjibewater,240,0,240,240,1.0,reported,0.141667,0.283333,0.416667,0.289923
global_frequency,ljz329,127,0,127,127,1.0,reported,0.062992,0.220472,0.299213,0.227194
global_frequency,neverkilltheape,40,0,40,40,1.0,reported,0.175,0.2,0.225,0.264738
global_frequency,southsidesamurai,121,0,121,121,1.0,reported,0.157025,0.363636,0.438017,0.317254
global_frequency,thomeboydontkill,428,5,423,423,0.9883177570093458,reported,0.241135,0.41844,0.527187,0.395943
global_frequency,zhazha,47,0,47,47,1.0,reported,0.191489,0.234043,0.361702,0.300288
global_frequency,万赛文,174,4,170,170,0.9770114942528736,reported,0.117647,0.241176,0.405882,0.271715
global_frequency,上官承诺,108,1,107,107,0.9907407407407407,reported,0.046729,0.271028,0.429907,0.250829
global_frequency,丸,160,25,135,135,0.84375,reported,0.140741,0.4,0.503704,0.334551
global_frequency,乃万,320,8,312,312,0.975,reported,0.185897,0.375,0.487179,0.347816
global_frequency,九块钱,154,8,146,146,0.948051948051948,reported,0.10274,0.493151,0.568493,0.348809
global_frequency,九维,127,3,124,124,0.9763779527559056,reported,0.072581,0.41129,0.5,0.282311
global_frequency,书生,50,0,50,50,1.0,reported,0.12,0.36,0.44,0.337786
global_frequency,二狗子,104,0,104,104,1.0,reported,0.115385,0.548077,0.615385,0.378657
global_frequency,于漂 eZ Yang Fizz,175,2,173,173,0.9885714285714285,reported,0.138728,0.369942,0.427746,0.307849
global_frequency,傲傲,246,18,228,228,0.926829268292683,reported,0.118421,0.342105,0.399123,0.30089
global_frequency,光光 (MC),342,0,342,342,1.0,reported,0.105263,0.309942,0.444444,0.288124
global_frequency,八口8uck,137,3,134,134,0.9781021897810219,reported,0.126866,0.261194,0.313433,0.27877
global_frequency,冲天小火煎,103,2,101,101,0.9805825242718447,reported,0.118812,0.29703,0.425743,0.292246
global_frequency,刀脚,222,0,222,222,1.0,reported,0.117117,0.261261,0.45045,0.282873
global_frequency,刘柄鑫,372,1,371,371,0.9973118279569892,reported,0.132075,0.336927,0.463612,0.31212
global_frequency,刘聪 (Key.L),309,22,287,287,0.9288025889967637,reported,0.10453,0.30662,0.439024,0.28367
global_frequency,功夫胖,321,0,321,321,1.0,reported,0.071651,0.330218,0.4081,0.274717
global_frequency,卢慈航,228,4,224,224,0.9824561403508771,reported,0.120536,0.178571,0.508929,0.276448
global_frequency,吴晨阳,37,0,37,37,1.0,reported,0.216216,0.459459,0.675676,0.408276
global_frequency,吾人莲花,106,1,105,105,0.9905660377358491,reported,0.12381,0.228571,0.314286,0.256221
global_frequency,呆宝静,178,1,177,177,0.9943820224719101,reported,0.101695,0.271186,0.418079,0.27402
global_frequency,周士爵,985,35,950,950,0.9644670050761421,reported,0.189474,0.442105,0.578947,0.369632
global_frequency,国蛋,340,46,294,294,0.8647058823529412,reported,0.210884,0.292517,0.455782,0.336096
global_frequency,土人儿,129,2,127,127,0.9844961240310077,reported,0.338583,0.527559,0.551181,0.473208
global_frequency,坚强的小黄瓜,354,1,353,353,0.9971751412429378,reported,0.09915,0.339943,0.456091,0.294197
global_frequency,多雷 Swang,391,53,338,338,0.8644501278772379,reported,0.156805,0.301775,0.464497,0.316739
global_frequency,大D,282,10,272,272,0.9645390070921985,reported,0.1875,0.327206,0.433824,0.333468
global_frequency,大傻 (Damnshine),357,8,349,349,0.9775910364145658,reported,0.163324,0.295129,0.504298,0.322625
global_frequency,大狗,275,86,189,189,0.6872727272727273,reported,0.031746,0.216931,0.375661,0.195303
global_frequency,大笑,201,0,201,201,1.0,reported,0.114428,0.273632,0.402985,0.279355
global_frequency,天府事变CDREV,94,0,94,94,1.0,reported,0.180851,0.287234,0.468085,0.317668
global_frequency,姜云升,421,14,407,407,0.9667458432304038,reported,0.191646,0.410319,0.5086,0.365554
global_frequency,嫩桃弟弟,72,0,72,72,1.0,reported,0.375,0.583333,0.694444,0.531988
global_frequency,孔令奇,137,0,137,137,1.0,reported,0.19708,0.248175,0.248175,0.301435
global_frequency,孙八一,295,49,246,246,0.8338983050847457,reported,0.101626,0.223577,0.48374,0.27153
global_frequency,孤矢,268,26,242,242,0.9029850746268657,reported,0.157025,0.338843,0.404959,0.326726
global_frequency,孩子王jake,26,0,26,26,1.0,reported,0.346154,0.538462,0.538462,0.478007
global_frequency,宝石老舅,260,4,256,256,0.9846153846153847,reported,0.097656,0.433594,0.53125,0.31631
global_frequency,小老虎,501,81,420,420,0.8383233532934131,reported,0.157143,0.471429,0.559524,0.364165
global_frequency,小酷coola,197,0,197,197,1.0,reported,0.172589,0.385787,0.517766,0.355144
global_frequency,小青龙,152,0,152,152,1.0,reported,0.125,0.263158,0.427632,0.2932
global_frequency,小鸭哥,346,2,344,344,0.9942196531791907,reported,0.232558,0.383721,0.473837,0.377304
global_frequency,廖效浓,117,0,117,117,1.0,reported,0.08547,0.384615,0.547009,0.321196
global_frequency,张千,234,4,230,230,0.9829059829059829,reported,0.182609,0.395652,0.504348,0.348494
global_frequency,张大炮,390,8,382,382,0.9794871794871794,reported,0.183246,0.382199,0.589005,0.353427
global_frequency,张愚歌,157,0,157,157,1.0,reported,0.050955,0.267516,0.458599,0.250531
global_frequency,张昊,185,0,185,185,1.0,reported,0.135135,0.324324,0.491892,0.310352
global_frequency,张雪飞,361,8,353,353,0.9778393351800554,reported,0.13881,0.328612,0.552408,0.325203
global_frequency,张颜齐,238,7,231,231,0.9705882352941176,reported,0.112554,0.25974,0.580087,0.301975
global_frequency,弹壳,92,0,92,92,1.0,reported,0.141304,0.25,0.391304,0.286745
global_frequency,徐真真,286,2,284,284,0.993006993006993,reported,0.105634,0.31338,0.496479,0.299991
global_frequency,恶童,258,2,256,256,0.9922480620155039,reported,0.136719,0.34375,0.503906,0.32505
global_frequency,揽佬,133,5,128,128,0.9624060150375939,reported,0.132812,0.242188,0.523438,0.293185
global_frequency,斯威特,475,4,471,471,0.991578947368421,reported,0.159236,0.443737,0.590234,0.359016
global_frequency,新街口组合,292,56,236,236,0.8082191780821918,reported,0.165254,0.245763,0.478814,0.307863
global_frequency,方仔,219,2,217,217,0.9908675799086758,reported,0.124424,0.313364,0.488479,0.300003
global_frequency,是Triple M,86,0,86,86,1.0,reported,0.069767,0.5,0.604651,0.329672
global_frequency,望江晴,109,1,108,108,0.9908256880733946,reported,0.111111,0.203704,0.342593,0.268086
global_frequency,木秦,295,2,293,293,0.9932203389830508,reported,0.136519,0.450512,0.56314,0.359314
global_frequency,杀手耗,267,3,264,264,0.9887640449438202,reported,0.136364,0.32197,0.511364,0.322322
global_frequency,李佳隆,298,10,288,288,0.9664429530201343,reported,0.076389,0.375,0.541667,0.306383
global_frequency,李大奔BENZO,206,2,204,204,0.9902912621359223,reported,0.215686,0.411765,0.470588,0.385711
global_frequency,李尔新,399,5,394,394,0.9874686716791979,reported,0.116751,0.314721,0.423858,0.285806
global_frequency,杨和苏KeyNG,654,72,582,582,0.8899082568807339,reported,0.175258,0.396907,0.467354,0.349345
global_frequency,杨布拉德,274,2,272,272,0.9927007299270073,reported,0.172794,0.452206,0.595588,0.377743
global_frequency,梁维嘉,658,10,648,648,0.9848024316109423,reported,0.138889,0.37037,0.544753,0.327779
global_frequency,梁老师Tsong,203,57,146,146,0.7192118226600985,reported,0.30137,0.39726,0.534247,0.424813
global_frequency,正义感,258,7,251,251,0.9728682170542635,reported,0.175299,0.314741,0.370518,0.312185
global_frequency,武生,140,0,140,140,1.0,reported,0.042857,0.185714,0.235714,0.225449
global_frequency,江旻勋,62,0,62,62,1.0,reported,0.16129,0.322581,0.435484,0.3233
global_frequency,河南说唱之神,283,6,277,277,0.9787985865724381,reported,0.223827,0.397112,0.527076,0.389414
global_frequency,法老,671,146,525,525,0.7824143070044709,reported,0.234286,0.384762,0.518095,0.382219
global_frequency,泰格西,135,1,134,134,0.9925925925925926,reported,0.119403,0.492537,0.61194,0.35937
global_frequency,派克特,507,32,475,475,0.9368836291913215,reported,0.176842,0.311579,0.465263,0.3257
global_frequency,滇声气,346,4,342,342,0.9884393063583815,reported,0.093567,0.274854,0.48538,0.276104
global_frequency,满舒克,433,47,386,386,0.8914549653579676,reported,0.222798,0.373057,0.432642,0.366141
global_frequency,热狗,278,12,266,266,0.9568345323741008,reported,0.112782,0.274436,0.330827,0.269914
global_frequency,熊猫涂杰,360,4,356,356,0.9888888888888889,reported,0.174157,0.348315,0.429775,0.328041
global_frequency,爆音Boom,174,1,173,173,0.9942528735632183,reported,0.156069,0.369942,0.462428,0.342031
global_frequency,爽子,683,5,678,678,0.9926793557833089,reported,0.168142,0.418879,0.597345,0.354638
global_frequency,王以太,328,8,320,320,0.975609756097561,reported,0.153125,0.540625,0.628125,0.391167
global_frequency,王嘉尔,27,0,27,27,1.0,reported,0.037037,0.148148,0.222222,0.172269
global_frequency,王晨宇IceCraz,424,12,412,412,0.9716981132075472,reported,0.11165,0.334951,0.410194,0.285798
global_frequency,王齐铭,319,0,319,319,1.0,reported,0.159875,0.213166,0.394984,0.293572
global_frequency,班比 Bambii,253,4,249,249,0.9841897233201581,reported,0.156627,0.285141,0.389558,0.302406
global_frequency,直火帮,380,9,371,371,0.9763157894736842,reported,0.145553,0.253369,0.366577,0.281916
global_frequency,福克斯,397,8,389,389,0.9798488664987406,reported,0.107969,0.267352,0.329049,0.267756
global_frequency,离合,106,3,103,103,0.9716981132075472,reported,0.116505,0.407767,0.533981,0.333512
global_frequency,秃子,345,2,343,343,0.9942028985507246,reported,0.122449,0.399417,0.536443,0.331471
global_frequency,笑男孩,144,0,144,144,1.0,reported,0.111111,0.319444,0.576389,0.307172
global_frequency,红手指,55,1,54,54,0.9818181818181818,reported,0.092593,0.185185,0.333333,0.227111
global_frequency,红狼,72,0,72,72,1.0,reported,0.236111,0.625,0.652778,0.470651
global_frequency,罗言,227,1,226,226,0.9955947136563876,reported,0.212389,0.292035,0.446903,0.339079
global_frequency,義胜合,46,0,46,46,1.0,reported,0.108696,0.608696,0.652174,0.37609
global_frequency,老黑Black J,47,0,47,47,1.0,reported,0.06383,0.12766,0.276596,0.207785
global_frequency,胡彦斌 TIGER HU,168,2,166,166,0.9880952380952381,reported,0.042169,0.240964,0.590361,0.234414
global_frequency,艾热 AIR,463,6,457,457,0.9870410367170627,reported,0.142232,0.391685,0.507659,0.328669
global_frequency,艾福杰尼,347,22,325,325,0.9365994236311239,reported,0.147692,0.418462,0.501538,0.351545
global_frequency,花生,92,0,92,92,1.0,reported,0.097826,0.380435,0.5,0.315378
global_frequency,街球帝,39,0,39,39,1.0,reported,0.25641,0.461538,0.589744,0.404787
global_frequency,西奥,250,6,244,244,0.976,reported,0.102459,0.213115,0.438525,0.267878
global_frequency,西米,75,0,75,75,1.0,reported,0.266667,0.36,0.453333,0.377819
global_frequency,许恒PDG,49,0,49,49,1.0,reported,0.183673,0.428571,0.55102,0.349486
global_frequency,说唱东百人,210,9,201,201,0.9571428571428572,reported,0.089552,0.318408,0.691542,0.303657
global_frequency,诺米么Lodmemo,117,0,117,117,1.0,reported,0.290598,0.487179,0.57265,0.437118
global_frequency,谢帝,331,0,331,331,1.0,reported,0.226586,0.504532,0.570997,0.396456
global_frequency,赣斯特,40,0,40,40,1.0,reported,0.25,0.425,0.675,0.425789
global_frequency,赵山河,327,2,325,325,0.9938837920489296,reported,0.138462,0.363077,0.470769,0.322881
global_frequency,辉子,312,6,306,306,0.9807692307692307,reported,0.120915,0.362745,0.529412,0.313978
global_frequency,辛巴,332,8,324,324,0.9759036144578314,reported,0.098765,0.311728,0.533951,0.297698
global_frequency,连麻Swimming,359,29,330,330,0.9192200557103064,reported,0.078788,0.215152,0.351515,0.234684
global_frequency,邓典果,384,3,381,381,0.9921875,reported,0.120735,0.307087,0.430446,0.292148
global_frequency,那吾克热-NW,271,12,259,259,0.955719557195572,reported,0.111969,0.335907,0.451737,0.28428
global_frequency,那奇沃夫,203,2,201,201,0.9901477832512315,reported,0.144279,0.38806,0.497512,0.330631
global_frequency,金熙宇,156,0,156,156,1.0,reported,0.134615,0.423077,0.461538,0.34439
global_frequency,金蛇 traphouse,727,3,724,724,0.9958734525447043,reported,0.118785,0.361878,0.475138,0.310059
global_frequency,阿之,32,0,32,32,1.0,reported,0.09375,0.53125,0.65625,0.365997
global_frequency,阿斯巴田,213,10,203,203,0.9530516431924883,reported,0.187192,0.384236,0.418719,0.332522
global_frequency,阿水YoungBJ,304,2,302,302,0.993421052631579,reported,0.135762,0.321192,0.546358,0.323276
global_frequency,阿童木,202,2,200,200,0.9900990099009901,reported,0.06,0.305,0.61,0.283788
global_frequency,隐藏,18,1,17,17,0.9444444444444444,suppressed_below_20_events,,,,
global_frequency,雲道,240,3,237,237,0.9875,reported,0.113924,0.248945,0.350211,0.274383
global_frequency,雾都 (Wudu Montana),115,6,109,109,0.9478260869565217,reported,0.119266,0.412844,0.633028,0.33096
global_frequency,顾帅,159,2,157,157,0.9874213836477987,reported,0.095541,0.388535,0.503185,0.319575
global_frequency,饺子,319,9,310,310,0.9717868338557993,reported,0.196774,0.432258,0.577419,0.385447
global_frequency,马思唯,298,2,296,296,0.9932885906040269,reported,0.172297,0.496622,0.597973,0.355108
global_frequency,鹤无双,56,0,56,56,1.0,reported,0.142857,0.232143,0.303571,0.272657
global_frequency,鹿奇,170,0,170,170,1.0,reported,0.088235,0.3,0.447059,0.282687
global_frequency,黄旭,474,46,428,428,0.9029535864978903,reported,0.149533,0.320093,0.46028,0.313971
global_frequency,黄昭,145,0,145,145,1.0,reported,0.144828,0.303448,0.393103,0.289206
global_frequency,黑螺丝,104,3,101,101,0.9711538461538461,reported,0.227723,0.29703,0.475248,0.362604
global_frequency,黑麦,271,1,270,270,0.996309963099631,reported,0.17037,0.333333,0.47037,0.329615
global_frequency,默示船政,506,13,493,493,0.974308300395257,reported,0.093306,0.348884,0.48073,0.294535
global_frequency,龙井说唱 孙旭,250,0,250,250,1.0,reported,0.212,0.5,0.58,0.399711
global_frequency,龙井说唱 孙骁,99,2,97,97,0.9797979797979798,reported,0.14433,0.298969,0.515464,0.30172
global_frequency,龙井说唱益晗,32,0,32,32,1.0,reported,0.125,0.375,0.75,0.324603
global_frequency,龙泽宇,189,5,184,184,0.9735449735449735,reported,0.201087,0.326087,0.467391,0.335572
global_frequency,龙胆紫,117,1,116,116,0.9914529914529915,reported,0.12931,0.396552,0.525862,0.309872
first_order_markov,141,34,0,34,34,1.0,reported,0.470588,0.617647,0.705882,0.578156
first_order_markov,404 Rapper,170,2,168,168,0.9882352941176471,reported,0.565476,0.72619,0.77381,0.670885
first_order_markov,APMOZART,151,2,149,149,0.9867549668874173,reported,0.449664,0.583893,0.697987,0.566423
first_order_markov,AR,330,14,316,316,0.9575757575757575,reported,0.56962,0.686709,0.759494,0.663211
first_order_markov,Ansr J,408,19,389,389,0.9534313725490197,reported,0.434447,0.588689,0.683805,0.555079
first_order_markov,Athree,152,2,150,150,0.9868421052631579,reported,0.546667,0.653333,0.74,0.638961
first_order_markov,Ayo97,17,16,1,1,0.058823529411764705,suppressed_below_20_events,,,,
first_order_markov,Blow Fever,87,0,87,87,1.0,reported,0.494253,0.666667,0.781609,0.614856
first_order_markov,BossWang,89,0,89,89,1.0,reported,0.539326,0.662921,0.719101,0.642264
first_order_markov,Bridge,268,6,262,262,0.9776119402985075,reported,0.377863,0.549618,0.641221,0.508296
first_order_markov,Busta Z,325,1,324,324,0.9969230769230769,reported,0.555556,0.660494,0.734568,0.644488
first_order_markov,C-Block,281,0,281,281,1.0,reported,0.505338,0.708185,0.797153,0.636347
first_order_markov,C-Low,170,6,164,164,0.9647058823529412,reported,0.439024,0.603659,0.70122,0.548881
first_order_markov,CJ BAda$$ (希介),267,0,267,267,1.0,reported,0.58427,0.752809,0.842697,0.69424
first_order_markov,Capper,185,3,182,182,0.9837837837837838,reported,0.532967,0.642857,0.692308,0.619618
first_order_markov,Cayden,92,0,92,92,1.0,reported,0.315217,0.521739,0.641304,0.46467
first_order_markov,Cream D,65,3,62,62,0.9538461538461539,reported,0.629032,0.725806,0.758065,0.705361
first_order_markov,DBL.D,144,0,144,144,1.0,reported,0.479167,0.652778,0.743056,0.599681
first_order_markov,Dirty Twinz,264,4,260,260,0.9848484848484849,reported,0.576923,0.726923,0.773077,0.670626
first_order_markov,FAC-D12,302,0,302,302,1.0,reported,0.529801,0.705298,0.768212,0.644292
first_order_markov,G Sauce,145,0,145,145,1.0,reported,0.696552,0.82069,0.896552,0.778036
first_order_markov,GAI,444,38,406,406,0.9144144144144144,reported,0.472906,0.578818,0.694581,0.578238
first_order_markov,GALI,368,37,331,331,0.8994565217391305,reported,0.320242,0.471299,0.63142,0.460708
first_order_markov,GNS耀耀,144,2,142,142,0.9861111111111112,reported,0.380282,0.591549,0.676056,0.519442
first_order_markov,Ghost Crew,307,0,307,307,1.0,reported,0.498371,0.599349,0.70684,0.599585
first_order_markov,Gm仙,197,0,197,197,1.0,reported,0.568528,0.670051,0.756345,0.660922
first_order_markov,Green Soldier,50,0,50,50,1.0,reported,0.78,0.86,0.9,0.8315
first_order_markov,HAS,240,4,236,236,0.9833333333333333,reported,0.627119,0.728814,0.762712,0.698459
first_order_markov,Higher Brothers,140,3,137,137,0.9785714285714285,reported,0.467153,0.642336,0.810219,0.603866
first_order_markov,Hotkey金朝,227,0,227,227,1.0,reported,0.38326,0.599119,0.722467,0.542033
first_order_markov,ICE,250,1,249,249,0.996,reported,0.606426,0.670683,0.75502,0.681115
first_order_markov,Ice Paper,406,2,404,404,0.9950738916256158,reported,0.579208,0.717822,0.819307,0.681842
first_order_markov,JD,426,43,383,383,0.8990610328638498,reported,0.62141,0.765013,0.819843,0.717087
first_order_markov,Jarstick,595,4,591,591,0.9932773109243698,reported,0.451777,0.597293,0.673435,0.566176
first_order_markov,Jony J,416,2,414,414,0.9951923076923077,reported,0.55314,0.695652,0.785024,0.659071
first_order_markov,KITO,85,1,84,84,0.9882352941176471,reported,0.666667,0.77381,0.892857,0.747607
first_order_markov,KKLUV,176,30,146,146,0.8295454545454546,reported,0.376712,0.59589,0.705479,0.529298
first_order_markov,Kandi 侃迪,474,4,470,470,0.9915611814345991,reported,0.495745,0.629787,0.717021,0.602089
first_order_markov,Kc,494,7,487,487,0.9858299595141701,reported,0.562628,0.685832,0.767967,0.662169
first_order_markov,Kigga,152,8,144,144,0.9473684210526315,reported,0.5625,0.701389,0.75,0.660901
first_order_markov,KnowKnow,192,0,192,192,1.0,reported,0.427083,0.619792,0.739583,0.566107
first_order_markov,Korn,180,72,108,108,0.6,reported,0.425926,0.657407,0.722222,0.571103
first_order_markov,Kzoo,167,13,154,154,0.9221556886227545,reported,0.61039,0.733766,0.766234,0.696795
first_order_markov,Lil Milk,122,1,121,121,0.9918032786885246,reported,0.46281,0.61157,0.652893,0.565522
first_order_markov,MULA SAKEE,298,1,297,297,0.9966442953020134,reported,0.501684,0.690236,0.76431,0.633305
first_order_markov,Mac Overseas,361,1,360,360,0.997229916897507,reported,0.375,0.555556,0.633333,0.510693
first_order_markov,Max马俊,160,3,157,157,0.98125,reported,0.566879,0.719745,0.796178,0.67599
first_order_markov,Melo,160,0,160,160,1.0,reported,0.5125,0.68125,0.7625,0.632508
first_order_markov,Mengzi,232,1,231,231,0.9956896551724138,reported,0.454545,0.619048,0.701299,0.583296
first_order_markov,Mercy(lago),272,4,268,268,0.9852941176470589,reported,0.518657,0.641791,0.675373,0.610026
first_order_markov,NOTTIBO1,204,3,201,201,0.9852941176470589,reported,0.447761,0.621891,0.711443,0.576186
first_order_markov,Nasty Ray,213,70,143,143,0.6713615023474179,reported,0.524476,0.643357,0.72028,0.623579
first_order_markov,No Fear Family,285,10,275,275,0.9649122807017544,reported,0.52,0.658182,0.756364,0.63259
first_order_markov,Nxmad诺曼得,124,2,122,122,0.9838709677419355,reported,0.52459,0.639344,0.737705,0.625568
first_order_markov,OG Three,275,2,273,273,0.9927272727272727,reported,0.417582,0.586081,0.681319,0.544686
first_order_markov,OWVRO老弟,167,13,154,154,0.9221556886227545,reported,0.461039,0.668831,0.746753,0.590251
first_order_markov,Over$ize,94,1,93,93,0.9893617021276596,reported,0.301075,0.397849,0.645161,0.432815
first_order_markov,PO8,204,0,204,204,1.0,reported,0.397059,0.558824,0.637255,0.524001
first_order_markov,Poorman,70,0,70,70,1.0,reported,0.314286,0.471429,0.528571,0.438939
first_order_markov,ROB93,44,0,44,44,1.0,reported,0.363636,0.613636,0.75,0.514913
first_order_markov,Regi 陈彦希,123,1,122,122,0.991869918699187,reported,0.52459,0.631148,0.713115,0.622499
first_order_markov,Rich4ever,224,2,222,222,0.9910714285714286,reported,0.63964,0.783784,0.833333,0.72737
first_order_markov,S1,113,0,113,113,1.0,reported,0.646018,0.769912,0.79646,0.72676
first_order_markov,SASIOVERLXRD,189,4,185,185,0.9788359788359788,reported,0.578378,0.697297,0.745946,0.666109
first_order_markov,Sbazzo,372,68,304,304,0.8172043010752689,reported,0.638158,0.717105,0.802632,0.713679
first_order_markov,Six City,31,0,31,31,1.0,reported,0.645161,0.870968,0.903226,0.777664
first_order_markov,Sleepycat,103,0,103,103,1.0,reported,0.475728,0.621359,0.699029,0.59691
first_order_markov,Surfosho,81,0,81,81,1.0,reported,0.493827,0.654321,0.716049,0.606885
first_order_markov,TOYOKI,300,4,296,296,0.9866666666666667,reported,0.459459,0.638514,0.719595,0.589449
first_order_markov,TShawn,92,0,92,92,1.0,reported,0.315217,0.521739,0.641304,0.46467
first_order_markov,TY,417,1,416,416,0.9976019184652278,reported,0.519231,0.665865,0.75,0.630087
first_order_markov,Tangoz,461,14,447,447,0.9696312364425163,reported,0.33557,0.512304,0.63311,0.477286
first_order_markov,Tizzy T,358,11,347,347,0.9692737430167597,reported,0.527378,0.659942,0.743516,0.62733
first_order_markov,Toryondacloud,97,0,97,97,1.0,reported,0.494845,0.649485,0.773196,0.609132
first_order_markov,Turbo嗣尧,200,1,199,199,0.995,reported,0.422111,0.60804,0.678392,0.55298
first_order_markov,V.O.B.,139,4,135,135,0.9712230215827338,reported,0.481481,0.555556,0.637037,0.56954
first_order_markov,Vava,554,36,518,518,0.9350180505415162,reported,0.378378,0.567568,0.667954,0.518661
first_order_markov,Wya乌鸦,321,0,321,321,1.0,reported,0.535826,0.738318,0.813084,0.664792
first_order_markov,YOUNG,337,0,337,337,1.0,reported,0.409496,0.554896,0.64095,0.530288
first_order_markov,YOUNGLEGO,146,3,143,143,0.9794520547945206,reported,0.622378,0.741259,0.804196,0.704866
first_order_markov,YoungChigga,251,0,251,251,1.0,reported,0.47012,0.645418,0.729084,0.591562
first_order_markov,YuGo,164,0,164,164,1.0,reported,0.390244,0.567073,0.695122,0.523906
first_order_markov,jinjibewater,240,0,240,240,1.0,reported,0.3625,0.5375,0.65,0.497978
first_order_markov,ljz329,127,0,127,127,1.0,reported,0.637795,0.685039,0.787402,0.70057
first_order_markov,neverkilltheape,40,0,40,40,1.0,reported,0.625,0.775,0.85,0.723395
first_order_markov,southsidesamurai,121,0,121,121,1.0,reported,0.46281,0.619835,0.727273,0.583586
first_order_markov,thomeboydontkill,428,5,423,423,0.9883177570093458,reported,0.496454,0.640662,0.690307,0.603647
first_order_markov,zhazha,47,0,47,47,1.0,reported,0.595745,0.723404,0.765957,0.68928
first_order_markov,万赛文,174,4,170,170,0.9770114942528736,reported,0.482353,0.635294,0.741176,0.591583
first_order_markov,上官承诺,108,1,107,107,0.9907407407407407,reported,0.457944,0.504673,0.64486,0.549968
first_order_markov,丸,160,25,135,135,0.84375,reported,0.362963,0.607407,0.748148,0.534354
first_order_markov,乃万,320,8,312,312,0.975,reported,0.419872,0.602564,0.721154,0.551216
first_order_markov,九块钱,154,8,146,146,0.948051948051948,reported,0.445205,0.650685,0.773973,0.58355
first_order_markov,九维,127,3,124,124,0.9763779527559056,reported,0.41129,0.58871,0.677419,0.54541
first_order_markov,书生,50,0,50,50,1.0,reported,0.36,0.58,0.6,0.496984
first_order_markov,二狗子,104,0,104,104,1.0,reported,0.740385,0.807692,0.855769,0.79692
first_order_markov,于漂 eZ Yang Fizz,175,2,173,173,0.9885714285714285,reported,0.32948,0.549133,0.630058,0.478417
first_order_markov,傲傲,246,18,228,228,0.926829268292683,reported,0.526316,0.662281,0.72807,0.626499
first_order_markov,光光 (MC),342,0,342,342,1.0,reported,0.502924,0.637427,0.739766,0.603515
first_order_markov,八口8uck,137,3,134,134,0.9781021897810219,reported,0.522388,0.723881,0.753731,0.640638
first_order_markov,冲天小火煎,103,2,101,101,0.9805825242718447,reported,0.366337,0.544554,0.623762,0.504194
first_order_markov,刀脚,222,0,222,222,1.0,reported,0.603604,0.716216,0.774775,0.691358
first_order_markov,刘柄鑫,372,1,371,371,0.9973118279569892,reported,0.536388,0.67655,0.74124,0.63885
first_order_markov,刘聪 (Key.L),309,22,287,287,0.9288025889967637,reported,0.519164,0.700348,0.773519,0.631847
first_order_markov,功夫胖,321,0,321,321,1.0,reported,0.504673,0.679128,0.747664,0.626736
first_order_markov,卢慈航,228,4,224,224,0.9824561403508771,reported,0.486607,0.638393,0.727679,0.596508
first_order_markov,吴晨阳,37,0,37,37,1.0,reported,0.135135,0.405405,0.567568,0.351061
first_order_markov,吾人莲花,106,1,105,105,0.9905660377358491,reported,0.580952,0.704762,0.790476,0.673665
first_order_markov,呆宝静,178,1,177,177,0.9943820224719101,reported,0.435028,0.587571,0.717514,0.558885
first_order_markov,周士爵,985,35,950,950,0.9644670050761421,reported,0.431579,0.605263,0.715789,0.564927
first_order_markov,国蛋,340,46,294,294,0.8647058823529412,reported,0.377551,0.554422,0.619048,0.512753
first_order_markov,土人儿,129,2,127,127,0.9844961240310077,reported,0.582677,0.716535,0.787402,0.681801
first_order_markov,坚强的小黄瓜,354,1,353,353,0.9971751412429378,reported,0.631728,0.756374,0.813031,0.71488
first_order_markov,多雷 Swang,391,53,338,338,0.8644501278772379,reported,0.464497,0.627219,0.674556,0.576754
first_order_markov,大D,282,10,272,272,0.9645390070921985,reported,0.529412,0.691176,0.823529,0.639599
first_order_markov,大傻 (Damnshine),357,8,349,349,0.9775910364145658,reported,0.604585,0.69341,0.776504,0.682919
first_order_markov,大狗,275,86,189,189,0.6872727272727273,reported,0.592593,0.634921,0.671958,0.650078
first_order_markov,大笑,201,0,201,201,1.0,reported,0.497512,0.656716,0.741294,0.618609
first_order_markov,天府事变CDREV,94,0,94,94,1.0,reported,0.297872,0.489362,0.56383,0.448321
first_order_markov,姜云升,421,14,407,407,0.9667458432304038,reported,0.402948,0.614251,0.737101,0.544029
first_order_markov,嫩桃弟弟,72,0,72,72,1.0,reported,0.791667,0.875,0.930556,0.849243
first_order_markov,孔令奇,137,0,137,137,1.0,reported,0.518248,0.70073,0.759124,0.622796
first_order_markov,孙八一,295,49,246,246,0.8338983050847457,reported,0.609756,0.691057,0.747967,0.685212
first_order_markov,孤矢,268,26,242,242,0.9029850746268657,reported,0.491736,0.673554,0.756198,0.612094
first_order_markov,孩子王jake,26,0,26,26,1.0,reported,0.384615,0.615385,0.692308,0.516642
first_order_markov,宝石老舅,260,4,256,256,0.9846153846153847,reported,0.628906,0.828125,0.882812,0.741189
first_order_markov,小老虎,501,81,420,420,0.8383233532934131,reported,0.45,0.614286,0.711905,0.57532
first_order_markov,小酷coola,197,0,197,197,1.0,reported,0.451777,0.604061,0.705584,0.573052
first_order_markov,小青龙,152,0,152,152,1.0,reported,0.631579,0.710526,0.796053,0.705522
first_order_markov,小鸭哥,346,2,344,344,0.9942196531791907,reported,0.52907,0.697674,0.776163,0.642607
first_order_markov,廖效浓,117,0,117,117,1.0,reported,0.512821,0.632479,0.769231,0.614338
first_order_markov,张千,234,4,230,230,0.9829059829059829,reported,0.704348,0.791304,0.843478,0.768092
first_order_markov,张大炮,390,8,382,382,0.9794871794871794,reported,0.515707,0.649215,0.71466,0.617491
first_order_markov,张愚歌,157,0,157,157,1.0,reported,0.490446,0.630573,0.726115,0.590692
first_order_markov,张昊,185,0,185,185,1.0,reported,0.394595,0.594595,0.654054,0.533455
first_order_markov,张雪飞,361,8,353,353,0.9778393351800554,reported,0.518414,0.671388,0.756374,0.62937
first_order_markov,张颜齐,238,7,231,231,0.9705882352941176,reported,0.558442,0.718615,0.796537,0.666418
first_order_markov,弹壳,92,0,92,92,1.0,reported,0.597826,0.728261,0.782609,0.690805
first_order_markov,徐真真,286,2,284,284,0.993006993006993,reported,0.450704,0.633803,0.753521,0.581768
first_order_markov,恶童,258,2,256,256,0.9922480620155039,reported,0.546875,0.667969,0.746094,0.642345
first_order_markov,揽佬,133,5,128,128,0.9624060150375939,reported,0.4375,0.546875,0.632812,0.549014
first_order_markov,斯威特,475,4,471,471,0.991578947368421,reported,0.522293,0.666667,0.774947,0.635576
first_order_markov,新街口组合,292,56,236,236,0.8082191780821918,reported,0.419492,0.584746,0.682203,0.555759
first_order_markov,方仔,219,2,217,217,0.9908675799086758,reported,0.488479,0.62212,0.709677,0.597189
first_order_markov,是Triple M,86,0,86,86,1.0,reported,0.372093,0.523256,0.709302,0.507137
first_order_markov,望江晴,109,1,108,108,0.9908256880733946,reported,0.37963,0.527778,0.564815,0.502617
first_order_markov,木秦,295,2,293,293,0.9932203389830508,reported,0.477816,0.634812,0.750853,0.596983
first_order_markov,杀手耗,267,3,264,264,0.9887640449438202,reported,0.488636,0.632576,0.704545,0.600315
first_order_markov,李佳隆,298,10,288,288,0.9664429530201343,reported,0.40625,0.583333,0.722222,0.543024
first_order_markov,李大奔BENZO,206,2,204,204,0.9902912621359223,reported,0.460784,0.656863,0.754902,0.590713
first_order_markov,李尔新,399,5,394,394,0.9874686716791979,reported,0.388325,0.588832,0.680203,0.531967
first_order_markov,杨和苏KeyNG,654,72,582,582,0.8899082568807339,reported,0.412371,0.632302,0.719931,0.557609
first_order_markov,杨布拉德,274,2,272,272,0.9927007299270073,reported,0.613971,0.742647,0.830882,0.705378
first_order_markov,梁维嘉,658,10,648,648,0.9848024316109423,reported,0.54321,0.657407,0.748457,0.639077
first_order_markov,梁老师Tsong,203,57,146,146,0.7192118226600985,reported,0.424658,0.636986,0.719178,0.556603
first_order_markov,正义感,258,7,251,251,0.9728682170542635,reported,0.454183,0.74502,0.792829,0.605218
first_order_markov,武生,140,0,140,140,1.0,reported,0.578571,0.735714,0.75,0.667497
first_order_markov,江旻勋,62,0,62,62,1.0,reported,0.435484,0.612903,0.677419,0.569381
first_order_markov,河南说唱之神,283,6,277,277,0.9787985865724381,reported,0.505415,0.68231,0.794224,0.632983
first_order_markov,法老,671,146,525,525,0.7824143070044709,reported,0.48,0.628571,0.727619,0.594404
first_order_markov,泰格西,135,1,134,134,0.9925925925925926,reported,0.58209,0.708955,0.783582,0.677778
first_order_markov,派克特,507,32,475,475,0.9368836291913215,reported,0.374737,0.538947,0.654737,0.50848
first_order_markov,滇声气,346,4,342,342,0.9884393063583815,reported,0.438596,0.602339,0.690058,0.560397
first_order_markov,满舒克,433,47,386,386,0.8914549653579676,reported,0.549223,0.715026,0.790155,0.656551
first_order_markov,热狗,278,12,266,266,0.9568345323741008,reported,0.390977,0.567669,0.631579,0.519308
first_order_markov,熊猫涂杰,360,4,356,356,0.9888888888888889,reported,0.567416,0.710674,0.77809,0.670102
first_order_markov,爆音Boom,174,1,173,173,0.9942528735632183,reported,0.549133,0.693642,0.768786,0.650544
first_order_markov,爽子,683,5,678,678,0.9926793557833089,reported,0.485251,0.648968,0.755162,0.606982
first_order_markov,王以太,328,8,320,320,0.975609756097561,reported,0.478125,0.746875,0.825,0.630234
first_order_markov,王嘉尔,27,0,27,27,1.0,reported,0.333333,0.666667,0.814815,0.5556
first_order_markov,王晨宇IceCraz,424,12,412,412,0.9716981132075472,reported,0.444175,0.582524,0.679612,0.560536
first_order_markov,王齐铭,319,0,319,319,1.0,reported,0.680251,0.76489,0.796238,0.747767
first_order_markov,班比 Bambii,253,4,249,249,0.9841897233201581,reported,0.381526,0.534137,0.650602,0.504576
first_order_markov,直火帮,380,9,371,371,0.9763157894736842,reported,0.587601,0.738544,0.77628,0.684638
first_order_markov,福克斯,397,8,389,389,0.9798488664987406,reported,0.544987,0.750643,0.804627,0.670159
first_order_markov,离合,106,3,103,103,0.9716981132075472,reported,0.640777,0.76699,0.815534,0.727307
first_order_markov,秃子,345,2,343,343,0.9942028985507246,reported,0.524781,0.670554,0.760933,0.632236
first_order_markov,笑男孩,144,0,144,144,1.0,reported,0.395833,0.506944,0.673611,0.509572
first_order_markov,红手指,55,1,54,54,0.9818181818181818,reported,0.481481,0.62963,0.685185,0.5858
first_order_markov,红狼,72,0,72,72,1.0,reported,0.5,0.805556,0.916667,0.636685
first_order_markov,罗言,227,1,226,226,0.9955947136563876,reported,0.460177,0.579646,0.663717,0.566973
first_order_markov,義胜合,46,0,46,46,1.0,reported,0.391304,0.608696,0.782609,0.544684
first_order_markov,老黑Black J,47,0,47,47,1.0,reported,0.702128,0.744681,0.787234,0.754666
first_order_markov,胡彦斌 TIGER HU,168,2,166,166,0.9880952380952381,reported,0.771084,0.849398,0.86747,0.823858
first_order_markov,艾热 AIR,463,6,457,457,0.9870410367170627,reported,0.299781,0.512035,0.623632,0.452102
first_order_markov,艾福杰尼,347,22,325,325,0.9365994236311239,reported,0.566154,0.701538,0.741538,0.655932
first_order_markov,花生,92,0,92,92,1.0,reported,0.48913,0.673913,0.75,0.612412
first_order_markov,街球帝,39,0,39,39,1.0,reported,0.25641,0.512821,0.641026,0.437815
first_order_markov,西奥,250,6,244,244,0.976,reported,0.512295,0.659836,0.709016,0.618392
first_order_markov,西米,75,0,75,75,1.0,reported,0.493333,0.613333,0.68,0.596231
first_order_markov,许恒PDG,49,0,49,49,1.0,reported,0.530612,0.632653,0.77551,0.642467
first_order_markov,说唱东百人,210,9,201,201,0.9571428571428572,reported,0.437811,0.557214,0.741294,0.554272
first_order_markov,诺米么Lodmemo,117,0,117,117,1.0,reported,0.418803,0.615385,0.735043,0.55581
first_order_markov,谢帝,331,0,331,331,1.0,reported,0.41994,0.622356,0.728097,0.557143
first_order_markov,赣斯特,40,0,40,40,1.0,reported,0.675,0.8,0.85,0.750233
first_order_markov,赵山河,327,2,325,325,0.9938837920489296,reported,0.547692,0.692308,0.76,0.652697
first_order_markov,辉子,312,6,306,306,0.9807692307692307,reported,0.539216,0.666667,0.767974,0.64216
first_order_markov,辛巴,332,8,324,324,0.9759036144578314,reported,0.533951,0.682099,0.756173,0.645369
first_order_markov,连麻Swimming,359,29,330,330,0.9192200557103064,reported,0.457576,0.566667,0.681818,0.561619
first_order_markov,邓典果,384,3,381,381,0.9921875,reported,0.503937,0.674541,0.750656,0.625562
first_order_markov,那吾克热-NW,271,12,259,259,0.955719557195572,reported,0.513514,0.733591,0.822394,0.652042
first_order_markov,那奇沃夫,203,2,201,201,0.9901477832512315,reported,0.323383,0.58209,0.726368,0.498336
first_order_markov,金熙宇,156,0,156,156,1.0,reported,0.608974,0.75,0.865385,0.712559
first_order_markov,金蛇 traphouse,727,3,724,724,0.9958734525447043,reported,0.486188,0.632597,0.725138,0.599432
first_order_markov,阿之,32,0,32,32,1.0,reported,0.375,0.65625,0.75,0.545437
first_order_markov,阿斯巴田,213,10,203,203,0.9530516431924883,reported,0.403941,0.689655,0.743842,0.56753
first_order_markov,阿水YoungBJ,304,2,302,302,0.993421052631579,reported,0.549669,0.688742,0.771523,0.649158
first_order_markov,阿童木,202,2,200,200,0.9900990099009901,reported,0.315,0.475,0.61,0.454327
first_order_markov,隐藏,18,1,17,17,0.9444444444444444,suppressed_below_20_events,,,,
first_order_markov,雲道,240,3,237,237,0.9875,reported,0.485232,0.594937,0.801688,0.602457
first_order_markov,雾都 (Wudu Montana),115,6,109,109,0.9478260869565217,reported,0.568807,0.623853,0.752294,0.644246
first_order_markov,顾帅,159,2,157,157,0.9874213836477987,reported,0.624204,0.77707,0.840764,0.72022
first_order_markov,饺子,319,9,310,310,0.9717868338557993,reported,0.577419,0.709677,0.796774,0.675329
first_order_markov,马思唯,298,2,296,296,0.9932885906040269,reported,0.594595,0.709459,0.800676,0.686535
first_order_markov,鹤无双,56,0,56,56,1.0,reported,0.464286,0.625,0.642857,0.57673
first_order_markov,鹿奇,170,0,170,170,1.0,reported,0.629412,0.717647,0.788235,0.705016
first_order_markov,黄旭,474,46,428,428,0.9029535864978903,reported,0.38785,0.53972,0.628505,0.514438
first_order_markov,黄昭,145,0,145,145,1.0,reported,0.6,0.786207,0.855172,0.710995
first_order_markov,黑螺丝,104,3,101,101,0.9711538461538461,reported,0.405941,0.673267,0.752475,0.553778
first_order_markov,黑麦,271,1,270,270,0.996309963099631,reported,0.414815,0.588889,0.685185,0.54448
first_order_markov,默示船政,506,13,493,493,0.974308300395257,reported,0.563895,0.685598,0.776876,0.662661
first_order_markov,龙井说唱 孙旭,250,0,250,250,1.0,reported,0.592,0.704,0.816,0.684493
first_order_markov,龙井说唱 孙骁,99,2,97,97,0.9797979797979798,reported,0.402062,0.597938,0.742268,0.547038
first_order_markov,龙井说唱益晗,32,0,32,32,1.0,reported,0.375,0.5625,0.84375,0.53631
first_order_markov,龙泽宇,189,5,184,184,0.9735449735449735,reported,0.483696,0.701087,0.766304,0.618425
first_order_markov,龙胆紫,117,1,116,116,0.9914529914529915,reported,0.353448,0.5,0.637931,0.485863
flat_sgd_logistic_context,141,34,0,34,34,1.0,reported,0.470588,0.705882,0.794118,0.617111
flat_sgd_logistic_context,404 Rapper,170,2,168,168,0.9882352941176471,reported,0.565476,0.75,0.809524,0.680398
flat_sgd_logistic_context,APMOZART,151,2,149,149,0.9867549668874173,reported,0.449664,0.651007,0.718121,0.581753
flat_sgd_logistic_context,AR,330,14,316,316,0.9575757575757575,reported,0.572785,0.708861,0.775316,0.671897
flat_sgd_logistic_context,Ansr J,408,19,389,389,0.9534313725490197,reported,0.424165,0.676093,0.750643,0.579842
flat_sgd_logistic_context,Athree,152,2,150,150,0.9868421052631579,reported,0.546667,0.686667,0.813333,0.662446
flat_sgd_logistic_context,Ayo97,17,16,1,1,0.058823529411764705,suppressed_below_20_events,,,,
flat_sgd_logistic_context,Blow Fever,87,0,87,87,1.0,reported,0.494253,0.701149,0.793103,0.620561
flat_sgd_logistic_context,BossWang,89,0,89,89,1.0,reported,0.550562,0.730337,0.775281,0.67015
flat_sgd_logistic_context,Bridge,268,6,262,262,0.9776119402985075,reported,0.385496,0.614504,0.70229,0.538977
flat_sgd_logistic_context,Busta Z,325,1,324,324,0.9969230769230769,reported,0.552469,0.682099,0.780864,0.652976
flat_sgd_logistic_context,C-Block,281,0,281,281,1.0,reported,0.498221,0.718861,0.843416,0.63777
flat_sgd_logistic_context,C-Low,170,6,164,164,0.9647058823529412,reported,0.432927,0.634146,0.72561,0.565817
flat_sgd_logistic_context,CJ BAda$$ (希介),267,0,267,267,1.0,reported,0.58427,0.816479,0.876404,0.715765
flat_sgd_logistic_context,Capper,185,3,182,182,0.9837837837837838,reported,0.527473,0.703297,0.769231,0.647233
flat_sgd_logistic_context,Cayden,92,0,92,92,1.0,reported,0.326087,0.5,0.608696,0.461725
flat_sgd_logistic_context,Cream D,65,3,62,62,0.9538461538461539,reported,0.596774,0.774194,0.774194,0.707634
flat_sgd_logistic_context,DBL.D,144,0,144,144,1.0,reported,0.479167,0.638889,0.729167,0.594933
flat_sgd_logistic_context,Dirty Twinz,264,4,260,260,0.9848484848484849,reported,0.55,0.769231,0.811538,0.680637
flat_sgd_logistic_context,FAC-D12,302,0,302,302,1.0,reported,0.529801,0.708609,0.801325,0.650531
flat_sgd_logistic_context,G Sauce,145,0,145,145,1.0,reported,0.682759,0.841379,0.868966,0.77332
flat_sgd_logistic_context,GAI,444,38,406,406,0.9144144144144144,reported,0.475369,0.672414,0.768473,0.613469
flat_sgd_logistic_context,GALI,368,37,331,331,0.8994565217391305,reported,0.323263,0.595166,0.703927,0.506572
flat_sgd_logistic_context,GNS耀耀,144,2,142,142,0.9861111111111112,reported,0.394366,0.577465,0.704225,0.529338
flat_sgd_logistic_context,Ghost Crew,307,0,307,307,1.0,reported,0.478827,0.628664,0.736156,0.595845
flat_sgd_logistic_context,Gm仙,197,0,197,197,1.0,reported,0.558376,0.690355,0.786802,0.662957
flat_sgd_logistic_context,Green Soldier,50,0,50,50,1.0,reported,0.78,0.9,0.94,0.84869
flat_sgd_logistic_context,HAS,240,4,236,236,0.9833333333333333,reported,0.627119,0.728814,0.813559,0.710617
flat_sgd_logistic_context,Higher Brothers,140,3,137,137,0.9785714285714285,reported,0.467153,0.678832,0.810219,0.609574
flat_sgd_logistic_context,Hotkey金朝,227,0,227,227,1.0,reported,0.39207,0.665198,0.757709,0.563063
flat_sgd_logistic_context,ICE,250,1,249,249,0.996,reported,0.598394,0.75502,0.839357,0.704662
flat_sgd_logistic_context,Ice Paper,406,2,404,404,0.9950738916256158,reported,0.569307,0.75,0.831683,0.684466
flat_sgd_logistic_context,JD,426,43,383,383,0.8990610328638498,reported,0.610966,0.785901,0.848564,0.716168
flat_sgd_logistic_context,Jarstick,595,4,591,591,0.9932773109243698,reported,0.446701,0.671743,0.763113,0.595893
flat_sgd_logistic_context,Jony J,416,2,414,414,0.9951923076923077,reported,0.550725,0.731884,0.821256,0.674228
flat_sgd_logistic_context,KITO,85,1,84,84,0.9882352941176471,reported,0.666667,0.797619,0.880952,0.762373
flat_sgd_logistic_context,KKLUV,176,30,146,146,0.8295454545454546,reported,0.390411,0.60274,0.719178,0.539987
flat_sgd_logistic_context,Kandi 侃迪,474,4,470,470,0.9915611814345991,reported,0.495745,0.687234,0.768085,0.620655
flat_sgd_logistic_context,Kc,494,7,487,487,0.9858299595141701,reported,0.554415,0.724846,0.790554,0.664727
flat_sgd_logistic_context,Kigga,152,8,144,144,0.9473684210526315,reported,0.555556,0.791667,0.847222,0.690375
flat_sgd_logistic_context,KnowKnow,192,0,192,192,1.0,reported,0.416667,0.6875,0.760417,0.582537
flat_sgd_logistic_context,Korn,180,72,108,108,0.6,reported,0.425926,0.712963,0.768519,0.589936
flat_sgd_logistic_context,Kzoo,167,13,154,154,0.9221556886227545,reported,0.597403,0.75974,0.805195,0.698235
flat_sgd_logistic_context,Lil Milk,122,1,121,121,0.9918032786885246,reported,0.487603,0.644628,0.702479,0.592445
flat_sgd_logistic_context,MULA SAKEE,298,1,297,297,0.9966442953020134,reported,0.515152,0.710438,0.771044,0.643323
flat_sgd_logistic_context,Mac Overseas,361,1,360,360,0.997229916897507,reported,0.377778,0.591667,0.705556,0.532083
flat_sgd_logistic_context,Max马俊,160,3,157,157,0.98125,reported,0.566879,0.719745,0.796178,0.674329
flat_sgd_logistic_context,Melo,160,0,160,160,1.0,reported,0.4875,0.70625,0.775,0.621721
flat_sgd_logistic_context,Mengzi,232,1,231,231,0.9956896551724138,reported,0.471861,0.658009,0.74026,0.600784
flat_sgd_logistic_context,Mercy(lago),272,4,268,268,0.9852941176470589,reported,0.518657,0.679104,0.742537,0.635111
flat_sgd_logistic_context,NOTTIBO1,204,3,201,201,0.9852941176470589,reported,0.452736,0.676617,0.771144,0.598735
flat_sgd_logistic_context,Nasty Ray,213,70,143,143,0.6713615023474179,reported,0.538462,0.657343,0.734266,0.636805
flat_sgd_logistic_context,No Fear Family,285,10,275,275,0.9649122807017544,reported,0.516364,0.763636,0.84,0.664422
flat_sgd_logistic_context,Nxmad诺曼得,124,2,122,122,0.9838709677419355,reported,0.540984,0.713115,0.754098,0.657585
flat_sgd_logistic_context,OG Three,275,2,273,273,0.9927272727272727,reported,0.428571,0.622711,0.754579,0.572027
flat_sgd_logistic_context,OWVRO老弟,167,13,154,154,0.9221556886227545,reported,0.474026,0.675325,0.779221,0.613689
flat_sgd_logistic_context,Over$ize,94,1,93,93,0.9893617021276596,reported,0.311828,0.548387,0.688172,0.48658
flat_sgd_logistic_context,PO8,204,0,204,204,1.0,reported,0.392157,0.671569,0.740196,0.55527
flat_sgd_logistic_context,Poorman,70,0,70,70,1.0,reported,0.314286,0.585714,0.657143,0.482631
flat_sgd_logistic_context,ROB93,44,0,44,44,1.0,reported,0.386364,0.681818,0.75,0.546853
flat_sgd_logistic_context,Regi 陈彦希,123,1,122,122,0.991869918699187,reported,0.540984,0.696721,0.819672,0.656652
flat_sgd_logistic_context,Rich4ever,224,2,222,222,0.9910714285714286,reported,0.671171,0.788288,0.842342,0.753242
flat_sgd_logistic_context,S1,113,0,113,113,1.0,reported,0.610619,0.79646,0.849558,0.725702
flat_sgd_logistic_context,SASIOVERLXRD,189,4,185,185,0.9788359788359788,reported,0.578378,0.713514,0.772973,0.671485
flat_sgd_logistic_context,Sbazzo,372,68,304,304,0.8172043010752689,reported,0.641447,0.776316,0.819079,0.731109
flat_sgd_logistic_context,Six City,31,0,31,31,1.0,reported,0.580645,0.870968,0.903226,0.73304
flat_sgd_logistic_context,Sleepycat,103,0,103,103,1.0,reported,0.485437,0.650485,0.718447,0.600851
flat_sgd_logistic_context,Surfosho,81,0,81,81,1.0,reported,0.493827,0.740741,0.777778,0.642503
flat_sgd_logistic_context,TOYOKI,300,4,296,296,0.9866666666666667,reported,0.476351,0.682432,0.733108,0.607775
flat_sgd_logistic_context,TShawn,92,0,92,92,1.0,reported,0.326087,0.5,0.608696,0.461357
flat_sgd_logistic_context,TY,417,1,416,416,0.9976019184652278,reported,0.53125,0.699519,0.78125,0.645667
flat_sgd_logistic_context,Tangoz,461,14,447,447,0.9696312364425163,reported,0.331096,0.606264,0.711409,0.508599
flat_sgd_logistic_context,Tizzy T,358,11,347,347,0.9692737430167597,reported,0.536023,0.688761,0.775216,0.648712
flat_sgd_logistic_context,Toryondacloud,97,0,97,97,1.0,reported,0.484536,0.752577,0.824742,0.640697
flat_sgd_logistic_context,Turbo嗣尧,200,1,199,199,0.995,reported,0.427136,0.683417,0.748744,0.581793
flat_sgd_logistic_context,V.O.B.,139,4,135,135,0.9712230215827338,reported,0.481481,0.607407,0.725926,0.590798
flat_sgd_logistic_context,Vava,554,36,518,518,0.9350180505415162,reported,0.382239,0.656371,0.737452,0.549127
flat_sgd_logistic_context,Wya乌鸦,321,0,321,321,1.0,reported,0.557632,0.781931,0.834891,0.692292
flat_sgd_logistic_context,YOUNG,337,0,337,337,1.0,reported,0.409496,0.596439,0.673591,0.545018
flat_sgd_logistic_context,YOUNGLEGO,146,3,143,143,0.9794520547945206,reported,0.622378,0.727273,0.811189,0.709356
flat_sgd_logistic_context,YoungChigga,251,0,251,251,1.0,reported,0.466135,0.657371,0.749004,0.598457
flat_sgd_logistic_context,YuGo,164,0,164,164,1.0,reported,0.396341,0.597561,0.719512,0.53844
flat_sgd_logistic_context,jinjibewater,240,0,240,240,1.0,reported,0.375,0.625,0.733333,0.537366
flat_sgd_logistic_context,ljz329,127,0,127,127,1.0,reported,0.637795,0.677165,0.779528,0.702692
flat_sgd_logistic_context,neverkilltheape,40,0,40,40,1.0,reported,0.65,0.775,0.775,0.731815
flat_sgd_logistic_context,southsidesamurai,121,0,121,121,1.0,reported,0.46281,0.702479,0.785124,0.615238
flat_sgd_logistic_context,thomeboydontkill,428,5,423,423,0.9883177570093458,reported,0.491726,0.659574,0.730496,0.610048
flat_sgd_logistic_context,zhazha,47,0,47,47,1.0,reported,0.574468,0.765957,0.787234,0.681517
flat_sgd_logistic_context,万赛文,174,4,170,170,0.9770114942528736,reported,0.5,0.658824,0.729412,0.610794
flat_sgd_logistic_context,上官承诺,108,1,107,107,0.9907407407407407,reported,0.46729,0.64486,0.794393,0.610482
flat_sgd_logistic_context,丸,160,25,135,135,0.84375,reported,0.37037,0.614815,0.777778,0.546636
flat_sgd_logistic_context,乃万,320,8,312,312,0.975,reported,0.423077,0.708333,0.788462,0.587104
flat_sgd_logistic_context,九块钱,154,8,146,146,0.948051948051948,reported,0.5,0.726027,0.808219,0.637459
flat_sgd_logistic_context,九维,127,3,124,124,0.9763779527559056,reported,0.41129,0.645161,0.733871,0.569598
flat_sgd_logistic_context,书生,50,0,50,50,1.0,reported,0.36,0.66,0.8,0.56404
flat_sgd_logistic_context,二狗子,104,0,104,104,1.0,reported,0.75,0.855769,0.903846,0.815739
flat_sgd_logistic_context,于漂 eZ Yang Fizz,175,2,173,173,0.9885714285714285,reported,0.34104,0.618497,0.699422,0.51167
flat_sgd_logistic_context,傲傲,246,18,228,228,0.926829268292683,reported,0.52193,0.675439,0.758772,0.633416
flat_sgd_logistic_context,光光 (MC),342,0,342,342,1.0,reported,0.5,0.660819,0.766082,0.620809
flat_sgd_logistic_context,八口8uck,137,3,134,134,0.9781021897810219,reported,0.529851,0.768657,0.813433,0.669468
flat_sgd_logistic_context,冲天小火煎,103,2,101,101,0.9805825242718447,reported,0.366337,0.554455,0.70297,0.522305
flat_sgd_logistic_context,刀脚,222,0,222,222,1.0,reported,0.603604,0.774775,0.81982,0.710747
flat_sgd_logistic_context,刘柄鑫,372,1,371,371,0.9973118279569892,reported,0.522911,0.690027,0.778976,0.640679
flat_sgd_logistic_context,刘聪 (Key.L),309,22,287,287,0.9288025889967637,reported,0.547038,0.745645,0.8223,0.668185
flat_sgd_logistic_context,功夫胖,321,0,321,321,1.0,reported,0.514019,0.741433,0.800623,0.654099
flat_sgd_logistic_context,卢慈航,228,4,224,224,0.9824561403508771,reported,0.46875,0.638393,0.723214,0.584778
flat_sgd_logistic_context,吴晨阳,37,0,37,37,1.0,reported,0.135135,0.405405,0.621622,0.323572
flat_sgd_logistic_context,吾人莲花,106,1,105,105,0.9905660377358491,reported,0.590476,0.761905,0.838095,0.696104
flat_sgd_logistic_context,呆宝静,178,1,177,177,0.9943820224719101,reported,0.440678,0.661017,0.80226,0.595384
flat_sgd_logistic_context,周士爵,985,35,950,950,0.9644670050761421,reported,0.452632,0.652632,0.731579,0.587144
flat_sgd_logistic_context,国蛋,340,46,294,294,0.8647058823529412,reported,0.387755,0.639456,0.710884,0.54954
flat_sgd_logistic_context,土人儿,129,2,127,127,0.9844961240310077,reported,0.582677,0.779528,0.826772,0.699252
flat_sgd_logistic_context,坚强的小黄瓜,354,1,353,353,0.9971751412429378,reported,0.620397,0.756374,0.827195,0.713571
flat_sgd_logistic_context,多雷 Swang,391,53,338,338,0.8644501278772379,reported,0.467456,0.674556,0.769231,0.609757
flat_sgd_logistic_context,大D,282,10,272,272,0.9645390070921985,reported,0.536765,0.753676,0.849265,0.669874
flat_sgd_logistic_context,大傻 (Damnshine),357,8,349,349,0.9775910364145658,reported,0.610315,0.702006,0.796562,0.692337
flat_sgd_logistic_context,大狗,275,86,189,189,0.6872727272727273,reported,0.587302,0.767196,0.846561,0.701645
flat_sgd_logistic_context,大笑,201,0,201,201,1.0,reported,0.517413,0.701493,0.771144,0.639858
flat_sgd_logistic_context,天府事变CDREV,94,0,94,94,1.0,reported,0.297872,0.595745,0.691489,0.492799
flat_sgd_logistic_context,姜云升,421,14,407,407,0.9667458432304038,reported,0.407862,0.687961,0.796069,0.571413
flat_sgd_logistic_context,嫩桃弟弟,72,0,72,72,1.0,reported,0.777778,0.916667,0.930556,0.848885
flat_sgd_logistic_context,孔令奇,137,0,137,137,1.0,reported,0.532847,0.70073,0.79562,0.640673
flat_sgd_logistic_context,孙八一,295,49,246,246,0.8338983050847457,reported,0.597561,0.711382,0.768293,0.680984
flat_sgd_logistic_context,孤矢,268,26,242,242,0.9029850746268657,reported,0.504132,0.702479,0.764463,0.627252
flat_sgd_logistic_context,孩子王jake,26,0,26,26,1.0,reported,0.346154,0.615385,0.692308,0.512089
flat_sgd_logistic_context,宝石老舅,260,4,256,256,0.9846153846153847,reported,0.625,0.835938,0.890625,0.745984
flat_sgd_logistic_context,小老虎,501,81,420,420,0.8383233532934131,reported,0.464286,0.647619,0.735714,0.595129
flat_sgd_logistic_context,小酷coola,197,0,197,197,1.0,reported,0.441624,0.685279,0.781726,0.600389
flat_sgd_logistic_context,小青龙,152,0,152,152,1.0,reported,0.618421,0.75,0.828947,0.711956
flat_sgd_logistic_context,小鸭哥,346,2,344,344,0.9942196531791907,reported,0.546512,0.723837,0.802326,0.662546
flat_sgd_logistic_context,廖效浓,117,0,117,117,1.0,reported,0.504274,0.615385,0.769231,0.611677
flat_sgd_logistic_context,张千,234,4,230,230,0.9829059829059829,reported,0.682609,0.826087,0.873913,0.774555
flat_sgd_logistic_context,张大炮,390,8,382,382,0.9794871794871794,reported,0.513089,0.67801,0.751309,0.628988
flat_sgd_logistic_context,张愚歌,157,0,157,157,1.0,reported,0.477707,0.656051,0.732484,0.595385
flat_sgd_logistic_context,张昊,185,0,185,185,1.0,reported,0.383784,0.686486,0.735135,0.563668
flat_sgd_logistic_context,张雪飞,361,8,353,353,0.9778393351800554,reported,0.518414,0.72238,0.807365,0.648333
flat_sgd_logistic_context,张颜齐,238,7,231,231,0.9705882352941176,reported,0.554113,0.709957,0.796537,0.666186
flat_sgd_logistic_context,弹壳,92,0,92,92,1.0,reported,0.576087,0.771739,0.847826,0.701392
flat_sgd_logistic_context,徐真真,286,2,284,284,0.993006993006993,reported,0.461268,0.693662,0.785211,0.60385
flat_sgd_logistic_context,恶童,258,2,256,256,0.9922480620155039,reported,0.527344,0.703125,0.785156,0.642979
flat_sgd_logistic_context,揽佬,133,5,128,128,0.9624060150375939,reported,0.4375,0.578125,0.664062,0.553247
flat_sgd_logistic_context,斯威特,475,4,471,471,0.991578947368421,reported,0.509554,0.70913,0.800425,0.639298
flat_sgd_logistic_context,新街口组合,292,56,236,236,0.8082191780821918,reported,0.402542,0.673729,0.758475,0.571488
flat_sgd_logistic_context,方仔,219,2,217,217,0.9908675799086758,reported,0.488479,0.677419,0.769585,0.61861
flat_sgd_logistic_context,是Triple M,86,0,86,86,1.0,reported,0.348837,0.581395,0.709302,0.50676
flat_sgd_logistic_context,望江晴,109,1,108,108,0.9908256880733946,reported,0.37963,0.564815,0.675926,0.525597
flat_sgd_logistic_context,木秦,295,2,293,293,0.9932203389830508,reported,0.488055,0.716724,0.791809,0.629358
flat_sgd_logistic_context,杀手耗,267,3,264,264,0.9887640449438202,reported,0.5,0.746212,0.806818,0.651737
flat_sgd_logistic_context,李佳隆,298,10,288,288,0.9664429530201343,reported,0.402778,0.659722,0.774306,0.569324
flat_sgd_logistic_context,李大奔BENZO,206,2,204,204,0.9902912621359223,reported,0.460784,0.72549,0.833333,0.622026
flat_sgd_logistic_context,李尔新,399,5,394,394,0.9874686716791979,reported,0.418782,0.606599,0.71066,0.553742
flat_sgd_logistic_context,杨和苏KeyNG,654,72,582,582,0.8899082568807339,reported,0.415808,0.685567,0.781787,0.581235
flat_sgd_logistic_context,杨布拉德,274,2,272,272,0.9927007299270073,reported,0.602941,0.779412,0.863971,0.717491
flat_sgd_logistic_context,梁维嘉,658,10,648,648,0.9848024316109423,reported,0.54321,0.686728,0.773148,0.650951
flat_sgd_logistic_context,梁老师Tsong,203,57,146,146,0.7192118226600985,reported,0.452055,0.671233,0.787671,0.592968
flat_sgd_logistic_context,正义感,258,7,251,251,0.9728682170542635,reported,0.52988,0.76494,0.864542,0.672333
flat_sgd_logistic_context,武生,140,0,140,140,1.0,reported,0.564286,0.835714,0.95,0.71612
flat_sgd_logistic_context,江旻勋,62,0,62,62,1.0,reported,0.451613,0.629032,0.725806,0.578604
flat_sgd_logistic_context,河南说唱之神,283,6,277,277,0.9787985865724381,reported,0.509025,0.696751,0.808664,0.641487
flat_sgd_logistic_context,法老,671,146,525,525,0.7824143070044709,reported,0.48381,0.71619,0.779048,0.625086
flat_sgd_logistic_context,泰格西,135,1,134,134,0.9925925925925926,reported,0.574627,0.723881,0.80597,0.67945
flat_sgd_logistic_context,派克特,507,32,475,475,0.9368836291913215,reported,0.364211,0.631579,0.72,0.531028
flat_sgd_logistic_context,滇声气,346,4,342,342,0.9884393063583815,reported,0.432749,0.619883,0.71345,0.568413
flat_sgd_logistic_context,满舒克,433,47,386,386,0.8914549653579676,reported,0.559585,0.766839,0.84456,0.686094
flat_sgd_logistic_context,热狗,278,12,266,266,0.9568345323741008,reported,0.383459,0.635338,0.691729,0.5401
flat_sgd_logistic_context,熊猫涂杰,360,4,356,356,0.9888888888888889,reported,0.573034,0.747191,0.803371,0.681713
flat_sgd_logistic_context,爆音Boom,174,1,173,173,0.9942528735632183,reported,0.554913,0.745665,0.809249,0.674453
flat_sgd_logistic_context,爽子,683,5,678,678,0.9926793557833089,reported,0.476401,0.678466,0.787611,0.61462
flat_sgd_logistic_context,王以太,328,8,320,320,0.975609756097561,reported,0.4875,0.775,0.859375,0.651025
flat_sgd_logistic_context,王嘉尔,27,0,27,27,1.0,reported,0.407407,0.740741,0.814815,0.593898
flat_sgd_logistic_context,王晨宇IceCraz,424,12,412,412,0.9716981132075472,reported,0.436893,0.643204,0.757282,0.581477
flat_sgd_logistic_context,王齐铭,319,0,319,319,1.0,reported,0.68652,0.786834,0.815047,0.757643
flat_sgd_logistic_context,班比 Bambii,253,4,249,249,0.9841897233201581,reported,0.39759,0.554217,0.682731,0.527742
flat_sgd_logistic_context,直火帮,380,9,371,371,0.9763157894736842,reported,0.587601,0.762803,0.795148,0.693663
flat_sgd_logistic_context,福克斯,397,8,389,389,0.9798488664987406,reported,0.526992,0.802057,0.848329,0.679532
flat_sgd_logistic_context,离合,106,3,103,103,0.9716981132075472,reported,0.631068,0.796117,0.825243,0.729731
flat_sgd_logistic_context,秃子,345,2,343,343,0.9942028985507246,reported,0.530612,0.693878,0.787172,0.647272
flat_sgd_logistic_context,笑男孩,144,0,144,144,1.0,reported,0.395833,0.534722,0.694444,0.527262
flat_sgd_logistic_context,红手指,55,1,54,54,0.9818181818181818,reported,0.462963,0.703704,0.777778,0.609252
flat_sgd_logistic_context,红狼,72,0,72,72,1.0,reported,0.430556,0.833333,0.916667,0.622391
flat_sgd_logistic_context,罗言,227,1,226,226,0.9955947136563876,reported,0.482301,0.650442,0.747788,0.60314
flat_sgd_logistic_context,義胜合,46,0,46,46,1.0,reported,0.326087,0.652174,0.76087,0.525915
flat_sgd_logistic_context,老黑Black J,47,0,47,47,1.0,reported,0.680851,0.787234,0.808511,0.751407
flat_sgd_logistic_context,胡彦斌 TIGER HU,168,2,166,166,0.9880952380952381,reported,0.771084,0.903614,0.909639,0.845638
flat_sgd_logistic_context,艾热 AIR,463,6,457,457,0.9870410367170627,reported,0.315098,0.630197,0.724289,0.504787
flat_sgd_logistic_context,艾福杰尼,347,22,325,325,0.9365994236311239,reported,0.56,0.738462,0.790769,0.672565
flat_sgd_logistic_context,花生,92,0,92,92,1.0,reported,0.467391,0.706522,0.793478,0.618563
flat_sgd_logistic_context,街球帝,39,0,39,39,1.0,reported,0.25641,0.435897,0.589744,0.41065
flat_sgd_logistic_context,西奥,250,6,244,244,0.976,reported,0.532787,0.709016,0.770492,0.647704
flat_sgd_logistic_context,西米,75,0,75,75,1.0,reported,0.466667,0.586667,0.786667,0.591174
flat_sgd_logistic_context,许恒PDG,49,0,49,49,1.0,reported,0.530612,0.693878,0.77551,0.643594
flat_sgd_logistic_context,说唱东百人,210,9,201,201,0.9571428571428572,reported,0.437811,0.681592,0.791045,0.599112
flat_sgd_logistic_context,诺米么Lodmemo,117,0,117,117,1.0,reported,0.401709,0.709402,0.769231,0.585175
flat_sgd_logistic_context,谢帝,331,0,331,331,1.0,reported,0.422961,0.679758,0.761329,0.583279
flat_sgd_logistic_context,赣斯特,40,0,40,40,1.0,reported,0.65,0.8,0.85,0.747376
flat_sgd_logistic_context,赵山河,327,2,325,325,0.9938837920489296,reported,0.569231,0.716923,0.778462,0.675626
flat_sgd_logistic_context,辉子,312,6,306,306,0.9807692307692307,reported,0.53268,0.673203,0.767974,0.637896
flat_sgd_logistic_context,辛巴,332,8,324,324,0.9759036144578314,reported,0.524691,0.756173,0.848765,0.670807
flat_sgd_logistic_context,连麻Swimming,359,29,330,330,0.9192200557103064,reported,0.463636,0.639394,0.751515,0.587838
flat_sgd_logistic_context,邓典果,384,3,381,381,0.9921875,reported,0.506562,0.708661,0.771654,0.633893
flat_sgd_logistic_context,那吾克热-NW,271,12,259,259,0.955719557195572,reported,0.498069,0.741313,0.857143,0.651767
flat_sgd_logistic_context,那奇沃夫,203,2,201,201,0.9901477832512315,reported,0.338308,0.626866,0.726368,0.519039
flat_sgd_logistic_context,金熙宇,156,0,156,156,1.0,reported,0.589744,0.775641,0.878205,0.708234
flat_sgd_logistic_context,金蛇 traphouse,727,3,724,724,0.9958734525447043,reported,0.493094,0.685083,0.76105,0.623286
flat_sgd_logistic_context,阿之,32,0,32,32,1.0,reported,0.34375,0.6875,0.8125,0.544395
flat_sgd_logistic_context,阿斯巴田,213,10,203,203,0.9530516431924883,reported,0.399015,0.783251,0.817734,0.603583
flat_sgd_logistic_context,阿水YoungBJ,304,2,302,302,0.993421052631579,reported,0.546358,0.745033,0.821192,0.671364
flat_sgd_logistic_context,阿童木,202,2,200,200,0.9900990099009901,reported,0.335,0.535,0.655,0.482051
flat_sgd_logistic_context,隐藏,18,1,17,17,0.9444444444444444,suppressed_below_20_events,,,,
flat_sgd_logistic_context,雲道,240,3,237,237,0.9875,reported,0.489451,0.704641,0.822785,0.637432
flat_sgd_logistic_context,雾都 (Wudu Montana),115,6,109,109,0.9478260869565217,reported,0.559633,0.66055,0.779817,0.66082
flat_sgd_logistic_context,顾帅,159,2,157,157,0.9874213836477987,reported,0.66242,0.770701,0.853503,0.74622
flat_sgd_logistic_context,饺子,319,9,310,310,0.9717868338557993,reported,0.577419,0.751613,0.825806,0.691426
flat_sgd_logistic_context,马思唯,298,2,296,296,0.9932885906040269,reported,0.591216,0.736486,0.790541,0.68757
flat_sgd_logistic_context,鹤无双,56,0,56,56,1.0,reported,0.464286,0.732143,0.767857,0.619928
flat_sgd_logistic_context,鹿奇,170,0,170,170,1.0,reported,0.605882,0.723529,0.794118,0.698186
flat_sgd_logistic_context,黄旭,474,46,428,428,0.9029535864978903,reported,0.39486,0.663551,0.740654,0.563638
flat_sgd_logistic_context,黄昭,145,0,145,145,1.0,reported,0.593103,0.77931,0.855172,0.707601
flat_sgd_logistic_context,黑螺丝,104,3,101,101,0.9711538461538461,reported,0.366337,0.732673,0.821782,0.573012
flat_sgd_logistic_context,黑麦,271,1,270,270,0.996309963099631,reported,0.411111,0.692593,0.792593,0.577987
flat_sgd_logistic_context,默示船政,506,13,493,493,0.974308300395257,reported,0.574037,0.73428,0.819473,0.685297
flat_sgd_logistic_context,龙井说唱 孙旭,250,0,250,250,1.0,reported,0.608,0.748,0.824,0.709952
flat_sgd_logistic_context,龙井说唱 孙骁,99,2,97,97,0.9797979797979798,reported,0.402062,0.690722,0.752577,0.56906
flat_sgd_logistic_context,龙井说唱益晗,32,0,32,32,1.0,reported,0.40625,0.75,0.8125,0.594866
flat_sgd_logistic_context,龙泽宇,189,5,184,184,0.9735449735449735,reported,0.505435,0.684783,0.771739,0.630831
flat_sgd_logistic_context,龙胆紫,117,1,116,116,0.9914529914529915,reported,0.362069,0.586207,0.681034,0.514385
hierarchical_sgd_context,141,34,0,34,34,1.0,reported,0.470588,0.705882,0.794118,0.613866
hierarchical_sgd_context,404 Rapper,170,2,168,168,0.9882352941176471,reported,0.565476,0.755952,0.833333,0.683319
hierarchical_sgd_context,APMOZART,151,2,149,149,0.9867549668874173,reported,0.456376,0.651007,0.731544,0.587124
hierarchical_sgd_context,AR,330,14,316,316,0.9575757575757575,reported,0.575949,0.718354,0.772152,0.676825
hierarchical_sgd_context,Ansr J,408,19,389,389,0.9534313725490197,reported,0.421594,0.676093,0.753213,0.578798
hierarchical_sgd_context,Athree,152,2,150,150,0.9868421052631579,reported,0.546667,0.693333,0.806667,0.663208
hierarchical_sgd_context,Ayo97,17,16,1,1,0.058823529411764705,suppressed_below_20_events,,,,
hierarchical_sgd_context,Blow Fever,87,0,87,87,1.0,reported,0.494253,0.735632,0.793103,0.622298
hierarchical_sgd_context,BossWang,89,0,89,89,1.0,reported,0.550562,0.752809,0.797753,0.672924
hierarchical_sgd_context,Bridge,268,6,262,262,0.9776119402985075,reported,0.389313,0.614504,0.687023,0.54066
hierarchical_sgd_context,Busta Z,325,1,324,324,0.9969230769230769,reported,0.555556,0.691358,0.79321,0.65709
hierarchical_sgd_context,C-Block,281,0,281,281,1.0,reported,0.508897,0.736655,0.839858,0.646158
hierarchical_sgd_context,C-Low,170,6,164,164,0.9647058823529412,reported,0.439024,0.621951,0.70122,0.569494
hierarchical_sgd_context,CJ BAda$$ (希介),267,0,267,267,1.0,reported,0.59176,0.812734,0.876404,0.720312
hierarchical_sgd_context,Capper,185,3,182,182,0.9837837837837838,reported,0.532967,0.697802,0.78022,0.650408
hierarchical_sgd_context,Cayden,92,0,92,92,1.0,reported,0.326087,0.48913,0.619565,0.459801
hierarchical_sgd_context,Cream D,65,3,62,62,0.9538461538461539,reported,0.612903,0.774194,0.774194,0.715302
hierarchical_sgd_context,DBL.D,144,0,144,144,1.0,reported,0.479167,0.625,0.722222,0.592271
hierarchical_sgd_context,Dirty Twinz,264,4,260,260,0.9848484848484849,reported,0.576923,0.769231,0.819231,0.694605
hierarchical_sgd_context,FAC-D12,302,0,302,302,1.0,reported,0.536424,0.735099,0.81457,0.660422
hierarchical_sgd_context,G Sauce,145,0,145,145,1.0,reported,0.696552,0.834483,0.868966,0.778624
hierarchical_sgd_context,GAI,444,38,406,406,0.9144144144144144,reported,0.472906,0.669951,0.76601,0.61094
hierarchical_sgd_context,GALI,368,37,331,331,0.8994565217391305,reported,0.332326,0.589124,0.716012,0.510431
hierarchical_sgd_context,GNS耀耀,144,2,142,142,0.9861111111111112,reported,0.380282,0.577465,0.704225,0.525554
hierarchical_sgd_context,Ghost Crew,307,0,307,307,1.0,reported,0.482085,0.644951,0.736156,0.599194
hierarchical_sgd_context,Gm仙,197,0,197,197,1.0,reported,0.563452,0.695431,0.781726,0.66426
hierarchical_sgd_context,Green Soldier,50,0,50,50,1.0,reported,0.78,0.9,0.94,0.850024
hierarchical_sgd_context,HAS,240,4,236,236,0.9833333333333333,reported,0.627119,0.728814,0.822034,0.712286
hierarchical_sgd_context,Higher Brothers,140,3,137,137,0.9785714285714285,reported,0.481752,0.686131,0.80292,0.615503
hierarchical_sgd_context,Hotkey金朝,227,0,227,227,1.0,reported,0.378855,0.665198,0.779736,0.557829
hierarchical_sgd_context,ICE,250,1,249,249,0.996,reported,0.610442,0.75502,0.827309,0.711227
hierarchical_sgd_context,Ice Paper,406,2,404,404,0.9950738916256158,reported,0.569307,0.75495,0.829208,0.686164
hierarchical_sgd_context,JD,426,43,383,383,0.8990610328638498,reported,0.616188,0.78329,0.840731,0.71697
hierarchical_sgd_context,Jarstick,595,4,591,591,0.9932773109243698,reported,0.453469,0.675127,0.766497,0.600471
hierarchical_sgd_context,Jony J,416,2,414,414,0.9951923076923077,reported,0.562802,0.73913,0.816425,0.681504
hierarchical_sgd_context,KITO,85,1,84,84,0.9882352941176471,reported,0.642857,0.785714,0.857143,0.742669
hierarchical_sgd_context,KKLUV,176,30,146,146,0.8295454545454546,reported,0.39726,0.59589,0.732877,0.546035
hierarchical_sgd_context,Kandi 侃迪,474,4,470,470,0.9915611814345991,reported,0.504255,0.695745,0.782979,0.627409
hierarchical_sgd_context,Kc,494,7,487,487,0.9858299595141701,reported,0.560575,0.724846,0.796715,0.668077
hierarchical_sgd_context,Kigga,152,8,144,144,0.9473684210526315,reported,0.569444,0.784722,0.840278,0.697801
hierarchical_sgd_context,KnowKnow,192,0,192,192,1.0,reported,0.432292,0.682292,0.760417,0.591915
hierarchical_sgd_context,Korn,180,72,108,108,0.6,reported,0.425926,0.703704,0.768519,0.588643
hierarchical_sgd_context,Kzoo,167,13,154,154,0.9221556886227545,reported,0.590909,0.753247,0.798701,0.693394
hierarchical_sgd_context,Lil Milk,122,1,121,121,0.9918032786885246,reported,0.487603,0.644628,0.702479,0.593846
hierarchical_sgd_context,MULA SAKEE,298,1,297,297,0.9966442953020134,reported,0.511785,0.700337,0.781145,0.641107
hierarchical_sgd_context,Mac Overseas,361,1,360,360,0.997229916897507,reported,0.369444,0.591667,0.738889,0.529723
hierarchical_sgd_context,Max马俊,160,3,157,157,0.98125,reported,0.56051,0.719745,0.802548,0.670203
hierarchical_sgd_context,Melo,160,0,160,160,1.0,reported,0.51875,0.7,0.78125,0.635894
hierarchical_sgd_context,Mengzi,232,1,231,231,0.9956896551724138,reported,0.480519,0.65368,0.727273,0.604075
hierarchical_sgd_context,Mercy(lago),272,4,268,268,0.9852941176470589,reported,0.514925,0.686567,0.738806,0.632718
hierarchical_sgd_context,NOTTIBO1,204,3,201,201,0.9852941176470589,reported,0.452736,0.681592,0.771144,0.599919
hierarchical_sgd_context,Nasty Ray,213,70,143,143,0.6713615023474179,reported,0.538462,0.657343,0.72028,0.636634
hierarchical_sgd_context,No Fear Family,285,10,275,275,0.9649122807017544,reported,0.487273,0.734545,0.843636,0.644341
hierarchical_sgd_context,Nxmad诺曼得,124,2,122,122,0.9838709677419355,reported,0.532787,0.704918,0.786885,0.655552
hierarchical_sgd_context,OG Three,275,2,273,273,0.9927272727272727,reported,0.432234,0.655678,0.769231,0.581152
hierarchical_sgd_context,OWVRO老弟,167,13,154,154,0.9221556886227545,reported,0.461039,0.681818,0.779221,0.608183
hierarchical_sgd_context,Over$ize,94,1,93,93,0.9893617021276596,reported,0.301075,0.55914,0.698925,0.480187
hierarchical_sgd_context,PO8,204,0,204,204,1.0,reported,0.397059,0.661765,0.730392,0.559039
hierarchical_sgd_context,Poorman,70,0,70,70,1.0,reported,0.285714,0.571429,0.671429,0.46353
hierarchical_sgd_context,ROB93,44,0,44,44,1.0,reported,0.363636,0.636364,0.75,0.532723
hierarchical_sgd_context,Regi 陈彦希,123,1,122,122,0.991869918699187,reported,0.5,0.713115,0.827869,0.639432
hierarchical_sgd_context,Rich4ever,224,2,222,222,0.9910714285714286,reported,0.666667,0.788288,0.851351,0.751484
hierarchical_sgd_context,S1,113,0,113,113,1.0,reported,0.637168,0.80531,0.867257,0.739399
hierarchical_sgd_context,SASIOVERLXRD,189,4,185,185,0.9788359788359788,reported,0.589189,0.713514,0.794595,0.68101
hierarchical_sgd_context,Sbazzo,372,68,304,304,0.8172043010752689,reported,0.648026,0.773026,0.822368,0.733202
hierarchical_sgd_context,Six City,31,0,31,31,1.0,reported,0.516129,0.870968,0.903226,0.702102
hierarchical_sgd_context,Sleepycat,103,0,103,103,1.0,reported,0.495146,0.640777,0.708738,0.603836
hierarchical_sgd_context,Surfosho,81,0,81,81,1.0,reported,0.493827,0.740741,0.790123,0.644402
hierarchical_sgd_context,TOYOKI,300,4,296,296,0.9866666666666667,reported,0.47973,0.685811,0.743243,0.611943
hierarchical_sgd_context,TShawn,92,0,92,92,1.0,reported,0.326087,0.5,0.619565,0.461129
hierarchical_sgd_context,TY,417,1,416,416,0.9976019184652278,reported,0.528846,0.704327,0.769231,0.647551
hierarchical_sgd_context,Tangoz,461,14,447,447,0.9696312364425163,reported,0.33557,0.615213,0.713647,0.514347
hierarchical_sgd_context,Tizzy T,358,11,347,347,0.9692737430167597,reported,0.541787,0.700288,0.766571,0.652448
hierarchical_sgd_context,Toryondacloud,97,0,97,97,1.0,reported,0.494845,0.752577,0.835052,0.646897
hierarchical_sgd_context,Turbo嗣尧,200,1,199,199,0.995,reported,0.41206,0.683417,0.763819,0.575522
hierarchical_sgd_context,V.O.B.,139,4,135,135,0.9712230215827338,reported,0.481481,0.614815,0.703704,0.589361
hierarchical_sgd_context,Vava,554,36,518,518,0.9350180505415162,reported,0.389961,0.656371,0.735521,0.555147
hierarchical_sgd_context,Wya乌鸦,321,0,321,321,1.0,reported,0.551402,0.785047,0.844237,0.691117
hierarchical_sgd_context,YOUNG,337,0,337,337,1.0,reported,0.406528,0.581602,0.670623,0.542038
hierarchical_sgd_context,YOUNGLEGO,146,3,143,143,0.9794520547945206,reported,0.622378,0.727273,0.804196,0.708087
hierarchical_sgd_context,YoungChigga,251,0,251,251,1.0,reported,0.47012,0.653386,0.737052,0.597262
hierarchical_sgd_context,YuGo,164,0,164,164,1.0,reported,0.390244,0.591463,0.75,0.538663
hierarchical_sgd_context,jinjibewater,240,0,240,240,1.0,reported,0.383333,0.625,0.716667,0.540898
hierarchical_sgd_context,ljz329,127,0,127,127,1.0,reported,0.637795,0.677165,0.779528,0.70228
hierarchical_sgd_context,neverkilltheape,40,0,40,40,1.0,reported,0.65,0.775,0.8,0.734654
hierarchical_sgd_context,southsidesamurai,121,0,121,121,1.0,reported,0.46281,0.710744,0.77686,0.61713
hierarchical_sgd_context,thomeboydontkill,428,5,423,423,0.9883177570093458,reported,0.489362,0.661939,0.742317,0.610005
hierarchical_sgd_context,zhazha,47,0,47,47,1.0,reported,0.638298,0.765957,0.787234,0.72538
hierarchical_sgd_context,万赛文,174,4,170,170,0.9770114942528736,reported,0.505882,0.647059,0.735294,0.613922
hierarchical_sgd_context,上官承诺,108,1,107,107,0.9907407407407407,reported,0.457944,0.654206,0.794393,0.604022
hierarchical_sgd_context,丸,160,25,135,135,0.84375,reported,0.355556,0.637037,0.740741,0.53727
hierarchical_sgd_context,乃万,320,8,312,312,0.975,reported,0.435897,0.708333,0.766026,0.593635
hierarchical_sgd_context,九块钱,154,8,146,146,0.948051948051948,reported,0.5,0.712329,0.794521,0.638359
hierarchical_sgd_context,九维,127,3,124,124,0.9763779527559056,reported,0.41129,0.653226,0.75,0.568721
hierarchical_sgd_context,书生,50,0,50,50,1.0,reported,0.36,0.64,0.92,0.569205
hierarchical_sgd_context,二狗子,104,0,104,104,1.0,reported,0.75,0.855769,0.894231,0.815938
hierarchical_sgd_context,于漂 eZ Yang Fizz,175,2,173,173,0.9885714285714285,reported,0.34104,0.612717,0.693642,0.51227
hierarchical_sgd_context,傲傲,246,18,228,228,0.926829268292683,reported,0.508772,0.675439,0.77193,0.626668
hierarchical_sgd_context,光光 (MC),342,0,342,342,1.0,reported,0.508772,0.675439,0.780702,0.629849
hierarchical_sgd_context,八口8uck,137,3,134,134,0.9781021897810219,reported,0.529851,0.768657,0.80597,0.671051
hierarchical_sgd_context,冲天小火煎,103,2,101,101,0.9805825242718447,reported,0.366337,0.574257,0.722772,0.523352
hierarchical_sgd_context,刀脚,222,0,222,222,1.0,reported,0.603604,0.774775,0.828829,0.711789
hierarchical_sgd_context,刘柄鑫,372,1,371,371,0.9973118279569892,reported,0.528302,0.690027,0.77628,0.643617
hierarchical_sgd_context,刘聪 (Key.L),309,22,287,287,0.9288025889967637,reported,0.54007,0.74216,0.8223,0.665163
hierarchical_sgd_context,功夫胖,321,0,321,321,1.0,reported,0.523364,0.744548,0.803738,0.65905
hierarchical_sgd_context,卢慈航,228,4,224,224,0.9824561403508771,reported,0.486607,0.65625,0.741071,0.599825
hierarchical_sgd_context,吴晨阳,37,0,37,37,1.0,reported,0.135135,0.540541,0.675676,0.340712
hierarchical_sgd_context,吾人莲花,106,1,105,105,0.9905660377358491,reported,0.571429,0.780952,0.838095,0.688238
hierarchical_sgd_context,呆宝静,178,1,177,177,0.9943820224719101,reported,0.457627,0.683616,0.824859,0.605501
hierarchical_sgd_context,周士爵,985,35,950,950,0.9644670050761421,reported,0.473684,0.642105,0.742105,0.600082
hierarchical_sgd_context,国蛋,340,46,294,294,0.8647058823529412,reported,0.384354,0.646259,0.72449,0.551239
hierarchical_sgd_context,土人儿,129,2,127,127,0.9844961240310077,reported,0.582677,0.80315,0.826772,0.703935
hierarchical_sgd_context,坚强的小黄瓜,354,1,353,353,0.9971751412429378,reported,0.628895,0.756374,0.824363,0.717323
hierarchical_sgd_context,多雷 Swang,391,53,338,338,0.8644501278772379,reported,0.45858,0.680473,0.786982,0.606613
hierarchical_sgd_context,大D,282,10,272,272,0.9645390070921985,reported,0.536765,0.746324,0.841912,0.670367
hierarchical_sgd_context,大傻 (Damnshine),357,8,349,349,0.9775910364145658,reported,0.60745,0.69914,0.799427,0.691419
hierarchical_sgd_context,大狗,275,86,189,189,0.6872727272727273,reported,0.592593,0.772487,0.820106,0.701293
hierarchical_sgd_context,大笑,201,0,201,201,1.0,reported,0.512438,0.701493,0.761194,0.63528
hierarchical_sgd_context,天府事变CDREV,94,0,94,94,1.0,reported,0.308511,0.62766,0.680851,0.500878
hierarchical_sgd_context,姜云升,421,14,407,407,0.9667458432304038,reported,0.41769,0.692875,0.788698,0.57451
hierarchical_sgd_context,嫩桃弟弟,72,0,72,72,1.0,reported,0.777778,0.916667,0.930556,0.846858
hierarchical_sgd_context,孔令奇,137,0,137,137,1.0,reported,0.540146,0.715328,0.80292,0.647806
hierarchical_sgd_context,孙八一,295,49,246,246,0.8338983050847457,reported,0.605691,0.715447,0.760163,0.686107
hierarchical_sgd_context,孤矢,268,26,242,242,0.9029850746268657,reported,0.512397,0.694215,0.752066,0.630414
hierarchical_sgd_context,孩子王jake,26,0,26,26,1.0,reported,0.346154,0.615385,0.692308,0.51195
hierarchical_sgd_context,宝石老舅,260,4,256,256,0.9846153846153847,reported,0.628906,0.839844,0.894531,0.746533
hierarchical_sgd_context,小老虎,501,81,420,420,0.8383233532934131,reported,0.469048,0.654762,0.72619,0.598025
hierarchical_sgd_context,小酷coola,197,0,197,197,1.0,reported,0.441624,0.695431,0.786802,0.602512
hierarchical_sgd_context,小青龙,152,0,152,152,1.0,reported,0.631579,0.717105,0.828947,0.715254
hierarchical_sgd_context,小鸭哥,346,2,344,344,0.9942196531791907,reported,0.543605,0.712209,0.802326,0.661009
hierarchical_sgd_context,廖效浓,117,0,117,117,1.0,reported,0.512821,0.623932,0.769231,0.614866
hierarchical_sgd_context,张千,234,4,230,230,0.9829059829059829,reported,0.7,0.830435,0.882609,0.784167
hierarchical_sgd_context,张大炮,390,8,382,382,0.9794871794871794,reported,0.507853,0.670157,0.767016,0.626681
hierarchical_sgd_context,张愚歌,157,0,157,157,1.0,reported,0.496815,0.636943,0.719745,0.607637
hierarchical_sgd_context,张昊,185,0,185,185,1.0,reported,0.410811,0.686486,0.745946,0.578921
hierarchical_sgd_context,张雪飞,361,8,353,353,0.9778393351800554,reported,0.529745,0.72238,0.807365,0.654028
hierarchical_sgd_context,张颜齐,238,7,231,231,0.9705882352941176,reported,0.558442,0.714286,0.800866,0.666179
hierarchical_sgd_context,弹壳,92,0,92,92,1.0,reported,0.586957,0.771739,0.847826,0.709798
hierarchical_sgd_context,徐真真,286,2,284,284,0.993006993006993,reported,0.475352,0.690141,0.778169,0.608994
hierarchical_sgd_context,恶童,258,2,256,256,0.9922480620155039,reported,0.519531,0.699219,0.792969,0.63833
hierarchical_sgd_context,揽佬,133,5,128,128,0.9624060150375939,reported,0.4375,0.601562,0.671875,0.558686
hierarchical_sgd_context,斯威特,475,4,471,471,0.991578947368421,reported,0.526539,0.713376,0.81104,0.649514
hierarchical_sgd_context,新街口组合,292,56,236,236,0.8082191780821918,reported,0.415254,0.677966,0.758475,0.580694
hierarchical_sgd_context,方仔,219,2,217,217,0.9908675799086758,reported,0.488479,0.672811,0.774194,0.619741
hierarchical_sgd_context,是Triple M,86,0,86,86,1.0,reported,0.372093,0.616279,0.697674,0.514339
hierarchical_sgd_context,望江晴,109,1,108,108,0.9908256880733946,reported,0.37963,0.574074,0.712963,0.527643
hierarchical_sgd_context,木秦,295,2,293,293,0.9932203389830508,reported,0.491468,0.723549,0.802048,0.633734
hierarchical_sgd_context,杀手耗,267,3,264,264,0.9887640449438202,reported,0.496212,0.738636,0.80303,0.648815
hierarchical_sgd_context,李佳隆,298,10,288,288,0.9664429530201343,reported,0.409722,0.659722,0.756944,0.568045
hierarchical_sgd_context,李大奔BENZO,206,2,204,204,0.9902912621359223,reported,0.460784,0.730392,0.838235,0.623219
hierarchical_sgd_context,李尔新,399,5,394,394,0.9874686716791979,reported,0.418782,0.598985,0.713198,0.55474
hierarchical_sgd_context,杨和苏KeyNG,654,72,582,582,0.8899082568807339,reported,0.426117,0.683849,0.785223,0.587893
hierarchical_sgd_context,杨布拉德,274,2,272,272,0.9927007299270073,reported,0.606618,0.783088,0.856618,0.719037
hierarchical_sgd_context,梁维嘉,658,10,648,648,0.9848024316109423,reported,0.537037,0.686728,0.780864,0.647874
hierarchical_sgd_context,梁老师Tsong,203,57,146,146,0.7192118226600985,reported,0.452055,0.657534,0.767123,0.591331
hierarchical_sgd_context,正义感,258,7,251,251,0.9728682170542635,reported,0.462151,0.804781,0.880478,0.643898
hierarchical_sgd_context,武生,140,0,140,140,1.0,reported,0.564286,0.828571,0.957143,0.716828
hierarchical_sgd_context,江旻勋,62,0,62,62,1.0,reported,0.403226,0.629032,0.725806,0.55546
hierarchical_sgd_context,河南说唱之神,283,6,277,277,0.9787985865724381,reported,0.509025,0.685921,0.808664,0.64004
hierarchical_sgd_context,法老,671,146,525,525,0.7824143070044709,reported,0.48,0.721905,0.788571,0.623583
hierarchical_sgd_context,泰格西,135,1,134,134,0.9925925925925926,reported,0.58209,0.723881,0.798507,0.684952
hierarchical_sgd_context,派克特,507,32,475,475,0.9368836291913215,reported,0.376842,0.635789,0.728421,0.53888
hierarchical_sgd_context,滇声气,346,4,342,342,0.9884393063583815,reported,0.432749,0.619883,0.71345,0.566763
hierarchical_sgd_context,满舒克,433,47,386,386,0.8914549653579676,reported,0.562176,0.774611,0.839378,0.687897
hierarchical_sgd_context,热狗,278,12,266,266,0.9568345323741008,reported,0.390977,0.635338,0.695489,0.545044
hierarchical_sgd_context,熊猫涂杰,360,4,356,356,0.9888888888888889,reported,0.570225,0.744382,0.803371,0.681807
hierarchical_sgd_context,爆音Boom,174,1,173,173,0.9942528735632183,reported,0.554913,0.734104,0.815029,0.672565
hierarchical_sgd_context,爽子,683,5,678,678,0.9926793557833089,reported,0.482301,0.679941,0.787611,0.617738
hierarchical_sgd_context,王以太,328,8,320,320,0.975609756097561,reported,0.48125,0.76875,0.846875,0.646169
hierarchical_sgd_context,王嘉尔,27,0,27,27,1.0,reported,0.481481,0.777778,0.814815,0.632937
hierarchical_sgd_context,王晨宇IceCraz,424,12,412,412,0.9716981132075472,reported,0.449029,0.645631,0.752427,0.587988
hierarchical_sgd_context,王齐铭,319,0,319,319,1.0,reported,0.680251,0.786834,0.815047,0.754464
hierarchical_sgd_context,班比 Bambii,253,4,249,249,0.9841897233201581,reported,0.39759,0.566265,0.682731,0.528757
hierarchical_sgd_context,直火帮,380,9,371,371,0.9763157894736842,reported,0.584906,0.762803,0.795148,0.692026
hierarchical_sgd_context,福克斯,397,8,389,389,0.9798488664987406,reported,0.526992,0.799486,0.840617,0.678845
hierarchical_sgd_context,离合,106,3,103,103,0.9716981132075472,reported,0.631068,0.786408,0.834951,0.730779
hierarchical_sgd_context,秃子,345,2,343,343,0.9942028985507246,reported,0.521866,0.696793,0.778426,0.641793
hierarchical_sgd_context,笑男孩,144,0,144,144,1.0,reported,0.388889,0.541667,0.680556,0.5234
hierarchical_sgd_context,红手指,55,1,54,54,0.9818181818181818,reported,0.462963,0.703704,0.777778,0.604542
hierarchical_sgd_context,红狼,72,0,72,72,1.0,reported,0.430556,0.847222,0.888889,0.623513
hierarchical_sgd_context,罗言,227,1,226,226,0.9955947136563876,reported,0.49115,0.650442,0.734513,0.606505
hierarchical_sgd_context,義胜合,46,0,46,46,1.0,reported,0.391304,0.630435,0.73913,0.553552
hierarchical_sgd_context,老黑Black J,47,0,47,47,1.0,reported,0.702128,0.808511,0.851064,0.770634
hierarchical_sgd_context,胡彦斌 TIGER HU,168,2,166,166,0.9880952380952381,reported,0.771084,0.903614,0.909639,0.843895
hierarchical_sgd_context,艾热 AIR,463,6,457,457,0.9870410367170627,reported,0.321663,0.630197,0.733042,0.510237
hierarchical_sgd_context,艾福杰尼,347,22,325,325,0.9365994236311239,reported,0.563077,0.732308,0.796923,0.671621
hierarchical_sgd_context,花生,92,0,92,92,1.0,reported,0.478261,0.695652,0.793478,0.623838
hierarchical_sgd_context,街球帝,39,0,39,39,1.0,reported,0.25641,0.435897,0.589744,0.421993
hierarchical_sgd_context,西奥,250,6,244,244,0.976,reported,0.536885,0.709016,0.766393,0.650748
hierarchical_sgd_context,西米,75,0,75,75,1.0,reported,0.466667,0.586667,0.826667,0.58792
hierarchical_sgd_context,许恒PDG,49,0,49,49,1.0,reported,0.530612,0.693878,0.816327,0.655969
hierarchical_sgd_context,说唱东百人,210,9,201,201,0.9571428571428572,reported,0.452736,0.681592,0.78607,0.605521
hierarchical_sgd_context,诺米么Lodmemo,117,0,117,117,1.0,reported,0.401709,0.717949,0.794872,0.587626
hierarchical_sgd_context,谢帝,331,0,331,331,1.0,reported,0.413897,0.676737,0.773414,0.577437
hierarchical_sgd_context,赣斯特,40,0,40,40,1.0,reported,0.625,0.8,0.85,0.725848
hierarchical_sgd_context,赵山河,327,2,325,325,0.9938837920489296,reported,0.569231,0.72,0.784615,0.675307
hierarchical_sgd_context,辉子,312,6,306,306,0.9807692307692307,reported,0.539216,0.663399,0.764706,0.639771
hierarchical_sgd_context,辛巴,332,8,324,324,0.9759036144578314,reported,0.54321,0.765432,0.854938,0.683712
hierarchical_sgd_context,连麻Swimming,359,29,330,330,0.9192200557103064,reported,0.469697,0.639394,0.754545,0.593323
hierarchical_sgd_context,邓典果,384,3,381,381,0.9921875,reported,0.514436,0.708661,0.761155,0.635796
hierarchical_sgd_context,那吾克热-NW,271,12,259,259,0.955719557195572,reported,0.498069,0.760618,0.84556,0.651904
hierarchical_sgd_context,那奇沃夫,203,2,201,201,0.9901477832512315,reported,0.353234,0.626866,0.726368,0.527915
hierarchical_sgd_context,金熙宇,156,0,156,156,1.0,reported,0.589744,0.782051,0.891026,0.711869
hierarchical_sgd_context,金蛇 traphouse,727,3,724,724,0.9958734525447043,reported,0.487569,0.68232,0.769337,0.62214
hierarchical_sgd_context,阿之,32,0,32,32,1.0,reported,0.34375,0.6875,0.8125,0.544618
hierarchical_sgd_context,阿斯巴田,213,10,203,203,0.9530516431924883,reported,0.399015,0.783251,0.832512,0.606664
hierarchical_sgd_context,阿水YoungBJ,304,2,302,302,0.993421052631579,reported,0.556291,0.738411,0.81457,0.674875
hierarchical_sgd_context,阿童木,202,2,200,200,0.9900990099009901,reported,0.33,0.545,0.655,0.481884
hierarchical_sgd_context,隐藏,18,1,17,17,0.9444444444444444,suppressed_below_20_events,,,,
hierarchical_sgd_context,雲道,240,3,237,237,0.9875,reported,0.485232,0.704641,0.810127,0.633361
hierarchical_sgd_context,雾都 (Wudu Montana),115,6,109,109,0.9478260869565217,reported,0.577982,0.66055,0.779817,0.670731
hierarchical_sgd_context,顾帅,159,2,157,157,0.9874213836477987,reported,0.636943,0.770701,0.866242,0.732805
hierarchical_sgd_context,饺子,319,9,310,310,0.9717868338557993,reported,0.577419,0.748387,0.816129,0.69111
hierarchical_sgd_context,马思唯,298,2,296,296,0.9932885906040269,reported,0.584459,0.719595,0.807432,0.683786
hierarchical_sgd_context,鹤无双,56,0,56,56,1.0,reported,0.464286,0.732143,0.767857,0.62459
hierarchical_sgd_context,鹿奇,170,0,170,170,1.0,reported,0.629412,0.729412,0.817647,0.711549
hierarchical_sgd_context,黄旭,474,46,428,428,0.9029535864978903,reported,0.404206,0.668224,0.724299,0.568245
hierarchical_sgd_context,黄昭,145,0,145,145,1.0,reported,0.57931,0.772414,0.862069,0.698887
hierarchical_sgd_context,黑螺丝,104,3,101,101,0.9711538461538461,reported,0.405941,0.742574,0.831683,0.596627
hierarchical_sgd_context,黑麦,271,1,270,270,0.996309963099631,reported,0.422222,0.707407,0.822222,0.591254
hierarchical_sgd_context,默示船政,506,13,493,493,0.974308300395257,reported,0.567951,0.730223,0.807302,0.681223
hierarchical_sgd_context,龙井说唱 孙旭,250,0,250,250,1.0,reported,0.592,0.748,0.808,0.700376
hierarchical_sgd_context,龙井说唱 孙骁,99,2,97,97,0.9797979797979798,reported,0.412371,0.690722,0.742268,0.572212
hierarchical_sgd_context,龙井说唱益晗,32,0,32,32,1.0,reported,0.40625,0.75,0.8125,0.59561
hierarchical_sgd_context,龙泽宇,189,5,184,184,0.9735449735449735,reported,0.494565,0.684783,0.766304,0.627174
hierarchical_sgd_context,龙胆紫,117,1,116,116,0.9914529914529915,reported,0.353448,0.586207,0.689655,0.510313
hierarchical_sgd_no_source_label,141,34,0,34,34,1.0,reported,0.470588,0.705882,0.794118,0.613866
hierarchical_sgd_no_source_label,404 Rapper,170,2,168,168,0.9882352941176471,reported,0.565476,0.75,0.839286,0.683517
hierarchical_sgd_no_source_label,APMOZART,151,2,149,149,0.9867549668874173,reported,0.456376,0.651007,0.697987,0.583373
hierarchical_sgd_no_source_label,AR,330,14,316,316,0.9575757575757575,reported,0.575949,0.718354,0.772152,0.6781
hierarchical_sgd_no_source_label,Ansr J,408,19,389,389,0.9534313725490197,reported,0.426735,0.66581,0.750643,0.58092
hierarchical_sgd_no_source_label,Athree,152,2,150,150,0.9868421052631579,reported,0.546667,0.693333,0.82,0.662404
hierarchical_sgd_no_source_label,Ayo97,17,16,1,1,0.058823529411764705,suppressed_below_20_events,,,,
hierarchical_sgd_no_source_label,Blow Fever,87,0,87,87,1.0,reported,0.494253,0.735632,0.793103,0.621779
hierarchical_sgd_no_source_label,BossWang,89,0,89,89,1.0,reported,0.550562,0.741573,0.786517,0.670696
hierarchical_sgd_no_source_label,Bridge,268,6,262,262,0.9776119402985075,reported,0.389313,0.610687,0.706107,0.540505
hierarchical_sgd_no_source_label,Busta Z,325,1,324,324,0.9969230769230769,reported,0.555556,0.694444,0.787037,0.65709
hierarchical_sgd_no_source_label,C-Block,281,0,281,281,1.0,reported,0.505338,0.718861,0.846975,0.639698
hierarchical_sgd_no_source_label,C-Low,170,6,164,164,0.9647058823529412,reported,0.439024,0.615854,0.70122,0.569354
hierarchical_sgd_no_source_label,CJ BAda$$ (希介),267,0,267,267,1.0,reported,0.58427,0.820225,0.88015,0.718269
hierarchical_sgd_no_source_label,Capper,185,3,182,182,0.9837837837837838,reported,0.532967,0.697802,0.774725,0.650116
hierarchical_sgd_no_source_label,Cayden,92,0,92,92,1.0,reported,0.326087,0.48913,0.597826,0.4587
hierarchical_sgd_no_source_label,Cream D,65,3,62,62,0.9538461538461539,reported,0.612903,0.774194,0.774194,0.715593
hierarchical_sgd_no_source_label,DBL.D,144,0,144,144,1.0,reported,0.486111,0.631944,0.722222,0.597329
hierarchical_sgd_no_source_label,Dirty Twinz,264,4,260,260,0.9848484848484849,reported,0.576923,0.769231,0.819231,0.694853
hierarchical_sgd_no_source_label,FAC-D12,302,0,302,302,1.0,reported,0.529801,0.731788,0.804636,0.656613
hierarchical_sgd_no_source_label,G Sauce,145,0,145,145,1.0,reported,0.689655,0.834483,0.862069,0.774977
hierarchical_sgd_no_source_label,GAI,444,38,406,406,0.9144144144144144,reported,0.477833,0.665025,0.76601,0.612304
hierarchical_sgd_no_source_label,GALI,368,37,331,331,0.8994565217391305,reported,0.323263,0.589124,0.70997,0.50565
hierarchical_sgd_no_source_label,GNS耀耀,144,2,142,142,0.9861111111111112,reported,0.380282,0.56338,0.711268,0.524636
hierarchical_sgd_no_source_label,Ghost Crew,307,0,307,307,1.0,reported,0.478827,0.641694,0.729642,0.596993
hierarchical_sgd_no_source_label,Gm仙,197,0,197,197,1.0,reported,0.563452,0.705584,0.781726,0.665671
hierarchical_sgd_no_source_label,Green Soldier,50,0,50,50,1.0,reported,0.78,0.9,0.94,0.850024
hierarchical_sgd_no_source_label,HAS,240,4,236,236,0.9833333333333333,reported,0.627119,0.737288,0.813559,0.714055
hierarchical_sgd_no_source_label,Higher Brothers,140,3,137,137,0.9785714285714285,reported,0.481752,0.678832,0.80292,0.615872
hierarchical_sgd_no_source_label,Hotkey金朝,227,0,227,227,1.0,reported,0.38326,0.669604,0.784141,0.558966
hierarchical_sgd_no_source_label,ICE,250,1,249,249,0.996,reported,0.610442,0.75502,0.831325,0.710556
hierarchical_sgd_no_source_label,Ice Paper,406,2,404,404,0.9950738916256158,reported,0.571782,0.752475,0.836634,0.687372
hierarchical_sgd_no_source_label,JD,426,43,383,383,0.8990610328638498,reported,0.618799,0.780679,0.832898,0.717801
hierarchical_sgd_no_source_label,Jarstick,595,4,591,591,0.9932773109243698,reported,0.456853,0.670051,0.764805,0.601501
hierarchical_sgd_no_source_label,Jony J,416,2,414,414,0.9951923076923077,reported,0.55314,0.736715,0.816425,0.677666
hierarchical_sgd_no_source_label,KITO,85,1,84,84,0.9882352941176471,reported,0.642857,0.785714,0.857143,0.74246
hierarchical_sgd_no_source_label,KKLUV,176,30,146,146,0.8295454545454546,reported,0.39726,0.60274,0.726027,0.546209
hierarchical_sgd_no_source_label,Kandi 侃迪,474,4,470,470,0.9915611814345991,reported,0.506383,0.695745,0.778723,0.629618
hierarchical_sgd_no_source_label,Kc,494,7,487,487,0.9858299595141701,reported,0.556468,0.726899,0.800821,0.666712
hierarchical_sgd_no_source_label,Kigga,152,8,144,144,0.9473684210526315,reported,0.569444,0.777778,0.840278,0.695677
hierarchical_sgd_no_source_label,KnowKnow,192,0,192,192,1.0,reported,0.432292,0.682292,0.760417,0.591002
hierarchical_sgd_no_source_label,Korn,180,72,108,108,0.6,reported,0.444444,0.703704,0.768519,0.59752
hierarchical_sgd_no_source_label,Kzoo,167,13,154,154,0.9221556886227545,reported,0.603896,0.753247,0.792208,0.699294
hierarchical_sgd_no_source_label,Lil Milk,122,1,121,121,0.9918032786885246,reported,0.487603,0.644628,0.694215,0.593837
hierarchical_sgd_no_source_label,MULA SAKEE,298,1,297,297,0.9966442953020134,reported,0.511785,0.703704,0.794613,0.642571
hierarchical_sgd_no_source_label,Mac Overseas,361,1,360,360,0.997229916897507,reported,0.369444,0.6,0.725,0.530501
hierarchical_sgd_no_source_label,Max马俊,160,3,157,157,0.98125,reported,0.55414,0.719745,0.802548,0.665908
hierarchical_sgd_no_source_label,Melo,160,0,160,160,1.0,reported,0.5125,0.7,0.78125,0.634315
hierarchical_sgd_no_source_label,Mengzi,232,1,231,231,0.9956896551724138,reported,0.471861,0.65368,0.727273,0.599776
hierarchical_sgd_no_source_label,Mercy(lago),272,4,268,268,0.9852941176470589,reported,0.511194,0.682836,0.75,0.630853
hierarchical_sgd_no_source_label,NOTTIBO1,204,3,201,201,0.9852941176470589,reported,0.452736,0.681592,0.771144,0.59795
hierarchical_sgd_no_source_label,Nasty Ray,213,70,143,143,0.6713615023474179,reported,0.524476,0.671329,0.713287,0.630266
hierarchical_sgd_no_source_label,No Fear Family,285,10,275,275,0.9649122807017544,reported,0.487273,0.76,0.821818,0.645683
hierarchical_sgd_no_source_label,Nxmad诺曼得,124,2,122,122,0.9838709677419355,reported,0.532787,0.713115,0.778689,0.655221
hierarchical_sgd_no_source_label,OG Three,275,2,273,273,0.9927272727272727,reported,0.424908,0.648352,0.754579,0.574983
hierarchical_sgd_no_source_label,OWVRO老弟,167,13,154,154,0.9221556886227545,reported,0.461039,0.694805,0.779221,0.609918
hierarchical_sgd_no_source_label,Over$ize,94,1,93,93,0.9893617021276596,reported,0.301075,0.55914,0.688172,0.47948
hierarchical_sgd_no_source_label,PO8,204,0,204,204,1.0,reported,0.401961,0.661765,0.735294,0.563033
hierarchical_sgd_no_source_label,Poorman,70,0,70,70,1.0,reported,0.285714,0.571429,0.671429,0.463688
hierarchical_sgd_no_source_label,ROB93,44,0,44,44,1.0,reported,0.409091,0.636364,0.772727,0.556667
hierarchical_sgd_no_source_label,Regi 陈彦希,123,1,122,122,0.991869918699187,reported,0.5,0.713115,0.827869,0.639274
hierarchical_sgd_no_source_label,Rich4ever,224,2,222,222,0.9910714285714286,reported,0.666667,0.792793,0.846847,0.753331
hierarchical_sgd_no_source_label,S1,113,0,113,113,1.0,reported,0.619469,0.80531,0.867257,0.730766
hierarchical_sgd_no_source_label,SASIOVERLXRD,189,4,185,185,0.9788359788359788,reported,0.583784,0.713514,0.794595,0.678765
hierarchical_sgd_no_source_label,Sbazzo,372,68,304,304,0.8172043010752689,reported,0.644737,0.773026,0.815789,0.731976
hierarchical_sgd_no_source_label,Six City,31,0,31,31,1.0,reported,0.516129,0.870968,0.903226,0.702395
hierarchical_sgd_no_source_label,Sleepycat,103,0,103,103,1.0,reported,0.485437,0.631068,0.699029,0.598213
hierarchical_sgd_no_source_label,Surfosho,81,0,81,81,1.0,reported,0.493827,0.740741,0.777778,0.643618
hierarchical_sgd_no_source_label,TOYOKI,300,4,296,296,0.9866666666666667,reported,0.466216,0.685811,0.746622,0.606575
hierarchical_sgd_no_source_label,TShawn,92,0,92,92,1.0,reported,0.326087,0.48913,0.597826,0.4587
hierarchical_sgd_no_source_label,TY,417,1,416,416,0.9976019184652278,reported,0.526442,0.694712,0.764423,0.644666
hierarchical_sgd_no_source_label,Tangoz,461,14,447,447,0.9696312364425163,reported,0.328859,0.590604,0.691275,0.508638
hierarchical_sgd_no_source_label,Tizzy T,358,11,347,347,0.9692737430167597,reported,0.533141,0.700288,0.783862,0.648864
hierarchical_sgd_no_source_label,Toryondacloud,97,0,97,97,1.0,reported,0.494845,0.752577,0.835052,0.647457
hierarchical_sgd_no_source_label,Turbo嗣尧,200,1,199,199,0.995,reported,0.41206,0.678392,0.753769,0.57724
hierarchical_sgd_no_source_label,V.O.B.,139,4,135,135,0.9712230215827338,reported,0.481481,0.614815,0.718519,0.591077
hierarchical_sgd_no_source_label,Vava,554,36,518,518,0.9350180505415162,reported,0.3861,0.65251,0.73166,0.551622
hierarchical_sgd_no_source_label,Wya乌鸦,321,0,321,321,1.0,reported,0.551402,0.788162,0.841121,0.689863
hierarchical_sgd_no_source_label,YOUNG,337,0,337,337,1.0,reported,0.403561,0.578635,0.667656,0.539175
hierarchical_sgd_no_source_label,YOUNGLEGO,146,3,143,143,0.9794520547945206,reported,0.622378,0.741259,0.818182,0.711282
hierarchical_sgd_no_source_label,YoungChigga,251,0,251,251,1.0,reported,0.47012,0.657371,0.74502,0.597983
hierarchical_sgd_no_source_label,YuGo,164,0,164,164,1.0,reported,0.390244,0.603659,0.737805,0.538711
hierarchical_sgd_no_source_label,jinjibewater,240,0,240,240,1.0,reported,0.383333,0.625,0.708333,0.538642
hierarchical_sgd_no_source_label,ljz329,127,0,127,127,1.0,reported,0.637795,0.677165,0.76378,0.700755
hierarchical_sgd_no_source_label,neverkilltheape,40,0,40,40,1.0,reported,0.65,0.775,0.775,0.733225
hierarchical_sgd_no_source_label,southsidesamurai,121,0,121,121,1.0,reported,0.454545,0.710744,0.785124,0.612449
hierarchical_sgd_no_source_label,thomeboydontkill,428,5,423,423,0.9883177570093458,reported,0.486998,0.666667,0.744681,0.609592
hierarchical_sgd_no_source_label,zhazha,47,0,47,47,1.0,reported,0.638298,0.765957,0.787234,0.726637
hierarchical_sgd_no_source_label,万赛文,174,4,170,170,0.9770114942528736,reported,0.5,0.652941,0.741176,0.611983
hierarchical_sgd_no_source_label,上官承诺,108,1,107,107,0.9907407407407407,reported,0.457944,0.654206,0.757009,0.601172
hierarchical_sgd_no_source_label,丸,160,25,135,135,0.84375,reported,0.37037,0.637037,0.77037,0.549789
hierarchical_sgd_no_source_label,乃万,320,8,312,312,0.975,reported,0.435897,0.711538,0.772436,0.5935
hierarchical_sgd_no_source_label,九块钱,154,8,146,146,0.948051948051948,reported,0.5,0.712329,0.787671,0.637343
hierarchical_sgd_no_source_label,九维,127,3,124,124,0.9763779527559056,reported,0.41129,0.66129,0.741935,0.57131
hierarchical_sgd_no_source_label,书生,50,0,50,50,1.0,reported,0.36,0.64,0.94,0.569562
hierarchical_sgd_no_source_label,二狗子,104,0,104,104,1.0,reported,0.75,0.855769,0.894231,0.81612
hierarchical_sgd_no_source_label,于漂 eZ Yang Fizz,175,2,173,173,0.9885714285714285,reported,0.34104,0.618497,0.705202,0.513004
hierarchical_sgd_no_source_label,傲傲,246,18,228,228,0.926829268292683,reported,0.513158,0.679825,0.767544,0.629066
hierarchical_sgd_no_source_label,光光 (MC),342,0,342,342,1.0,reported,0.505848,0.663743,0.78655,0.627379
hierarchical_sgd_no_source_label,八口8uck,137,3,134,134,0.9781021897810219,reported,0.529851,0.776119,0.813433,0.671229
hierarchical_sgd_no_source_label,冲天小火煎,103,2,101,101,0.9805825242718447,reported,0.366337,0.574257,0.732673,0.526817
hierarchical_sgd_no_source_label,刀脚,222,0,222,222,1.0,reported,0.599099,0.774775,0.81982,0.709037
hierarchical_sgd_no_source_label,刘柄鑫,372,1,371,371,0.9973118279569892,reported,0.528302,0.690027,0.781671,0.642989
hierarchical_sgd_no_source_label,刘聪 (Key.L),309,22,287,287,0.9288025889967637,reported,0.54007,0.745645,0.829268,0.664736
hierarchical_sgd_no_source_label,功夫胖,321,0,321,321,1.0,reported,0.529595,0.747664,0.806854,0.664263
hierarchical_sgd_no_source_label,卢慈航,228,4,224,224,0.9824561403508771,reported,0.491071,0.642857,0.723214,0.597747
hierarchical_sgd_no_source_label,吴晨阳,37,0,37,37,1.0,reported,0.135135,0.540541,0.675676,0.339509
hierarchical_sgd_no_source_label,吾人莲花,106,1,105,105,0.9905660377358491,reported,0.561905,0.780952,0.838095,0.68337
hierarchical_sgd_no_source_label,呆宝静,178,1,177,177,0.9943820224719101,reported,0.457627,0.672316,0.819209,0.603956
hierarchical_sgd_no_source_label,周士爵,985,35,950,950,0.9644670050761421,reported,0.473684,0.642105,0.736842,0.597945
hierarchical_sgd_no_source_label,国蛋,340,46,294,294,0.8647058823529412,reported,0.384354,0.642857,0.710884,0.549804
hierarchical_sgd_no_source_label,土人儿,129,2,127,127,0.9844961240310077,reported,0.590551,0.811024,0.826772,0.714051
hierarchical_sgd_no_source_label,坚强的小黄瓜,354,1,353,353,0.9971751412429378,reported,0.626062,0.756374,0.827195,0.715295
hierarchical_sgd_no_source_label,多雷 Swang,391,53,338,338,0.8644501278772379,reported,0.461538,0.683432,0.769231,0.607952
hierarchical_sgd_no_source_label,大D,282,10,272,272,0.9645390070921985,reported,0.533088,0.75,0.841912,0.66818
hierarchical_sgd_no_source_label,大傻 (Damnshine),357,8,349,349,0.9775910364145658,reported,0.610315,0.69914,0.799427,0.691677
hierarchical_sgd_no_source_label,大狗,275,86,189,189,0.6872727272727273,reported,0.592593,0.772487,0.809524,0.700708
hierarchical_sgd_no_source_label,大笑,201,0,201,201,1.0,reported,0.507463,0.701493,0.766169,0.632922
hierarchical_sgd_no_source_label,天府事变CDREV,94,0,94,94,1.0,reported,0.308511,0.62766,0.680851,0.498156
hierarchical_sgd_no_source_label,姜云升,421,14,407,407,0.9667458432304038,reported,0.41769,0.687961,0.783784,0.574498
hierarchical_sgd_no_source_label,嫩桃弟弟,72,0,72,72,1.0,reported,0.777778,0.916667,0.930556,0.846713
hierarchical_sgd_no_source_label,孔令奇,137,0,137,137,1.0,reported,0.532847,0.722628,0.810219,0.646084
hierarchical_sgd_no_source_label,孙八一,295,49,246,246,0.8338983050847457,reported,0.605691,0.715447,0.760163,0.684215
hierarchical_sgd_no_source_label,孤矢,268,26,242,242,0.9029850746268657,reported,0.512397,0.690083,0.756198,0.629494
hierarchical_sgd_no_source_label,孩子王jake,26,0,26,26,1.0,reported,0.346154,0.615385,0.692308,0.511062
hierarchical_sgd_no_source_label,宝石老舅,260,4,256,256,0.9846153846153847,reported,0.632812,0.828125,0.902344,0.746323
hierarchical_sgd_no_source_label,小老虎,501,81,420,420,0.8383233532934131,reported,0.471429,0.654762,0.728571,0.598219
hierarchical_sgd_no_source_label,小酷coola,197,0,197,197,1.0,reported,0.441624,0.695431,0.786802,0.603083
hierarchical_sgd_no_source_label,小青龙,152,0,152,152,1.0,reported,0.625,0.75,0.828947,0.714958
hierarchical_sgd_no_source_label,小鸭哥,346,2,344,344,0.9942196531791907,reported,0.549419,0.712209,0.811047,0.662966
hierarchical_sgd_no_source_label,廖效浓,117,0,117,117,1.0,reported,0.512821,0.623932,0.752137,0.615728
hierarchical_sgd_no_source_label,张千,234,4,230,230,0.9829059829059829,reported,0.695652,0.83913,0.891304,0.782214
hierarchical_sgd_no_source_label,张大炮,390,8,382,382,0.9794871794871794,reported,0.510471,0.670157,0.753927,0.625479
hierarchical_sgd_no_source_label,张愚歌,157,0,157,157,1.0,reported,0.496815,0.630573,0.713376,0.605997
hierarchical_sgd_no_source_label,张昊,185,0,185,185,1.0,reported,0.416216,0.686486,0.745946,0.582154
hierarchical_sgd_no_source_label,张雪飞,361,8,353,353,0.9778393351800554,reported,0.524079,0.72238,0.813031,0.651177
hierarchical_sgd_no_source_label,张颜齐,238,7,231,231,0.9705882352941176,reported,0.549784,0.722944,0.800866,0.662536
hierarchical_sgd_no_source_label,弹壳,92,0,92,92,1.0,reported,0.586957,0.771739,0.847826,0.710236
hierarchical_sgd_no_source_label,徐真真,286,2,284,284,0.993006993006993,reported,0.478873,0.697183,0.78169,0.611256
hierarchical_sgd_no_source_label,恶童,258,2,256,256,0.9922480620155039,reported,0.523438,0.6875,0.792969,0.638864
hierarchical_sgd_no_source_label,揽佬,133,5,128,128,0.9624060150375939,reported,0.445312,0.570312,0.65625,0.556899
hierarchical_sgd_no_source_label,斯威特,475,4,471,471,0.991578947368421,reported,0.524416,0.713376,0.802548,0.647533
hierarchical_sgd_no_source_label,新街口组合,292,56,236,236,0.8082191780821918,reported,0.411017,0.682203,0.762712,0.577572
hierarchical_sgd_no_source_label,方仔,219,2,217,217,0.9908675799086758,reported,0.488479,0.677419,0.760369,0.616998
hierarchical_sgd_no_source_label,是Triple M,86,0,86,86,1.0,reported,0.372093,0.604651,0.697674,0.517582
hierarchical_sgd_no_source_label,望江晴,109,1,108,108,0.9908256880733946,reported,0.37963,0.574074,0.703704,0.529319
hierarchical_sgd_no_source_label,木秦,295,2,293,293,0.9932203389830508,reported,0.481229,0.720137,0.798635,0.628212
hierarchical_sgd_no_source_label,杀手耗,267,3,264,264,0.9887640449438202,reported,0.496212,0.738636,0.80303,0.64774
hierarchical_sgd_no_source_label,李佳隆,298,10,288,288,0.9664429530201343,reported,0.40625,0.659722,0.739583,0.568621
hierarchical_sgd_no_source_label,李大奔BENZO,206,2,204,204,0.9902912621359223,reported,0.465686,0.720588,0.838235,0.625259
hierarchical_sgd_no_source_label,李尔新,399,5,394,394,0.9874686716791979,reported,0.411168,0.601523,0.705584,0.550517
hierarchical_sgd_no_source_label,杨和苏KeyNG,654,72,582,582,0.8899082568807339,reported,0.426117,0.690722,0.793814,0.588971
hierarchical_sgd_no_source_label,杨布拉德,274,2,272,272,0.9927007299270073,reported,0.606618,0.783088,0.856618,0.719103
hierarchical_sgd_no_source_label,梁维嘉,658,10,648,648,0.9848024316109423,reported,0.537037,0.695988,0.771605,0.64775
hierarchical_sgd_no_source_label,梁老师Tsong,203,57,146,146,0.7192118226600985,reported,0.458904,0.691781,0.767123,0.597587
hierarchical_sgd_no_source_label,正义感,258,7,251,251,0.9728682170542635,reported,0.521912,0.804781,0.868526,0.675979
hierarchical_sgd_no_source_label,武生,140,0,140,140,1.0,reported,0.571429,0.828571,0.957143,0.720289
hierarchical_sgd_no_source_label,江旻勋,62,0,62,62,1.0,reported,0.403226,0.629032,0.725806,0.555684
hierarchical_sgd_no_source_label,河南说唱之神,283,6,277,277,0.9787985865724381,reported,0.509025,0.696751,0.823105,0.641792
hierarchical_sgd_no_source_label,法老,671,146,525,525,0.7824143070044709,reported,0.481905,0.721905,0.771429,0.623353
hierarchical_sgd_no_source_label,泰格西,135,1,134,134,0.9925925925925926,reported,0.589552,0.731343,0.791045,0.686427
hierarchical_sgd_no_source_label,派克特,507,32,475,475,0.9368836291913215,reported,0.372632,0.635789,0.715789,0.535497
hierarchical_sgd_no_source_label,滇声气,346,4,342,342,0.9884393063583815,reported,0.438596,0.614035,0.71345,0.569542
hierarchical_sgd_no_source_label,满舒克,433,47,386,386,0.8914549653579676,reported,0.559585,0.774611,0.834197,0.685425
hierarchical_sgd_no_source_label,热狗,278,12,266,266,0.9568345323741008,reported,0.394737,0.639098,0.695489,0.546653
hierarchical_sgd_no_source_label,熊猫涂杰,360,4,356,356,0.9888888888888889,reported,0.570225,0.730337,0.80618,0.681182
hierarchical_sgd_no_source_label,爆音Boom,174,1,173,173,0.9942528735632183,reported,0.560694,0.734104,0.815029,0.676379
hierarchical_sgd_no_source_label,爽子,683,5,678,678,0.9926793557833089,reported,0.482301,0.678466,0.783186,0.617709
hierarchical_sgd_no_source_label,王以太,328,8,320,320,0.975609756097561,reported,0.49375,0.76875,0.8625,0.652457
hierarchical_sgd_no_source_label,王嘉尔,27,0,27,27,1.0,reported,0.481481,0.777778,0.814815,0.632937
hierarchical_sgd_no_source_label,王晨宇IceCraz,424,12,412,412,0.9716981132075472,reported,0.451456,0.643204,0.759709,0.588879
hierarchical_sgd_no_source_label,王齐铭,319,0,319,319,1.0,reported,0.677116,0.793103,0.824451,0.753988
hierarchical_sgd_no_source_label,班比 Bambii,253,4,249,249,0.9841897233201581,reported,0.39759,0.554217,0.678715,0.528221
hierarchical_sgd_no_source_label,直火帮,380,9,371,371,0.9763157894736842,reported,0.587601,0.762803,0.789757,0.693358
hierarchical_sgd_no_source_label,福克斯,397,8,389,389,0.9798488664987406,reported,0.529563,0.802057,0.840617,0.679865
hierarchical_sgd_no_source_label,离合,106,3,103,103,0.9716981132075472,reported,0.631068,0.786408,0.834951,0.728975
hierarchical_sgd_no_source_label,秃子,345,2,343,343,0.9942028985507246,reported,0.521866,0.696793,0.795918,0.642426
hierarchical_sgd_no_source_label,笑男孩,144,0,144,144,1.0,reported,0.388889,0.541667,0.6875,0.524331
hierarchical_sgd_no_source_label,红手指,55,1,54,54,0.9818181818181818,reported,0.462963,0.703704,0.796296,0.611427
hierarchical_sgd_no_source_label,红狼,72,0,72,72,1.0,reported,0.430556,0.833333,0.916667,0.624863
hierarchical_sgd_no_source_label,罗言,227,1,226,226,0.9955947136563876,reported,0.482301,0.654867,0.734513,0.602745
hierarchical_sgd_no_source_label,義胜合,46,0,46,46,1.0,reported,0.369565,0.673913,0.717391,0.544761
hierarchical_sgd_no_source_label,老黑Black J,47,0,47,47,1.0,reported,0.702128,0.808511,0.851064,0.771031
hierarchical_sgd_no_source_label,胡彦斌 TIGER HU,168,2,166,166,0.9880952380952381,reported,0.771084,0.903614,0.909639,0.845396
hierarchical_sgd_no_source_label,艾热 AIR,463,6,457,457,0.9870410367170627,reported,0.319475,0.632385,0.726477,0.508687
hierarchical_sgd_no_source_label,艾福杰尼,347,22,325,325,0.9365994236311239,reported,0.563077,0.732308,0.796923,0.672719
hierarchical_sgd_no_source_label,花生,92,0,92,92,1.0,reported,0.478261,0.695652,0.793478,0.623346
hierarchical_sgd_no_source_label,街球帝,39,0,39,39,1.0,reported,0.230769,0.435897,0.589744,0.402112
hierarchical_sgd_no_source_label,西奥,250,6,244,244,0.976,reported,0.532787,0.704918,0.766393,0.648461
hierarchical_sgd_no_source_label,西米,75,0,75,75,1.0,reported,0.466667,0.586667,0.8,0.587031
hierarchical_sgd_no_source_label,许恒PDG,49,0,49,49,1.0,reported,0.530612,0.693878,0.816327,0.656495
hierarchical_sgd_no_source_label,说唱东百人,210,9,201,201,0.9571428571428572,reported,0.437811,0.686567,0.756219,0.595815
hierarchical_sgd_no_source_label,诺米么Lodmemo,117,0,117,117,1.0,reported,0.410256,0.709402,0.786325,0.588883
hierarchical_sgd_no_source_label,谢帝,331,0,331,331,1.0,reported,0.416918,0.670695,0.761329,0.579598
hierarchical_sgd_no_source_label,赣斯特,40,0,40,40,1.0,reported,0.625,0.8,0.85,0.726126
hierarchical_sgd_no_source_label,赵山河,327,2,325,325,0.9938837920489296,reported,0.572308,0.72,0.781538,0.676398
hierarchical_sgd_no_source_label,辉子,312,6,306,306,0.9807692307692307,reported,0.539216,0.663399,0.764706,0.638069
hierarchical_sgd_no_source_label,辛巴,332,8,324,324,0.9759036144578314,reported,0.540123,0.762346,0.854938,0.680288
hierarchical_sgd_no_source_label,连麻Swimming,359,29,330,330,0.9192200557103064,reported,0.469697,0.618182,0.748485,0.589848
hierarchical_sgd_no_source_label,邓典果,384,3,381,381,0.9921875,reported,0.511811,0.703412,0.75853,0.63481
hierarchical_sgd_no_source_label,那吾克热-NW,271,12,259,259,0.955719557195572,reported,0.509653,0.741313,0.853282,0.656037
hierarchical_sgd_no_source_label,那奇沃夫,203,2,201,201,0.9901477832512315,reported,0.338308,0.636816,0.736318,0.520749
hierarchical_sgd_no_source_label,金熙宇,156,0,156,156,1.0,reported,0.589744,0.782051,0.884615,0.711884
hierarchical_sgd_no_source_label,金蛇 traphouse,727,3,724,724,0.9958734525447043,reported,0.487569,0.685083,0.770718,0.621769
hierarchical_sgd_no_source_label,阿之,32,0,32,32,1.0,reported,0.34375,0.6875,0.8125,0.544768
hierarchical_sgd_no_source_label,阿斯巴田,213,10,203,203,0.9530516431924883,reported,0.403941,0.783251,0.827586,0.610411
hierarchical_sgd_no_source_label,阿水YoungBJ,304,2,302,302,0.993421052631579,reported,0.556291,0.745033,0.827815,0.676619
hierarchical_sgd_no_source_label,阿童木,202,2,200,200,0.9900990099009901,reported,0.33,0.555,0.65,0.482081
hierarchical_sgd_no_source_label,隐藏,18,1,17,17,0.9444444444444444,suppressed_below_20_events,,,,
hierarchical_sgd_no_source_label,雲道,240,3,237,237,0.9875,reported,0.485232,0.704641,0.801688,0.633636
hierarchical_sgd_no_source_label,雾都 (Wudu Montana),115,6,109,109,0.9478260869565217,reported,0.577982,0.678899,0.798165,0.675169
hierarchical_sgd_no_source_label,顾帅,159,2,157,157,0.9874213836477987,reported,0.630573,0.770701,0.866242,0.729236
hierarchical_sgd_no_source_label,饺子,319,9,310,310,0.9717868338557993,reported,0.580645,0.751613,0.819355,0.69326
hierarchical_sgd_no_source_label,马思唯,298,2,296,296,0.9932885906040269,reported,0.587838,0.726351,0.804054,0.685491
hierarchical_sgd_no_source_label,鹤无双,56,0,56,56,1.0,reported,0.464286,0.732143,0.767857,0.624436
hierarchical_sgd_no_source_label,鹿奇,170,0,170,170,1.0,reported,0.635294,0.741176,0.823529,0.713968
hierarchical_sgd_no_source_label,黄旭,474,46,428,428,0.9029535864978903,reported,0.39486,0.661215,0.731308,0.562921
hierarchical_sgd_no_source_label,黄昭,145,0,145,145,1.0,reported,0.572414,0.765517,0.868966,0.69318
hierarchical_sgd_no_source_label,黑螺丝,104,3,101,101,0.9711538461538461,reported,0.405941,0.732673,0.851485,0.59708
hierarchical_sgd_no_source_label,黑麦,271,1,270,270,0.996309963099631,reported,0.414815,0.703704,0.814815,0.585775
hierarchical_sgd_no_source_label,默示船政,506,13,493,493,0.974308300395257,reported,0.567951,0.728195,0.805274,0.68114
hierarchical_sgd_no_source_label,龙井说唱 孙旭,250,0,250,250,1.0,reported,0.596,0.752,0.816,0.704724
hierarchical_sgd_no_source_label,龙井说唱 孙骁,99,2,97,97,0.9797979797979798,reported,0.412371,0.680412,0.742268,0.574212
hierarchical_sgd_no_source_label,龙井说唱益晗,32,0,32,32,1.0,reported,0.40625,0.75,0.8125,0.600074
hierarchical_sgd_no_source_label,龙泽宇,189,5,184,184,0.9735449735449735,reported,0.48913,0.701087,0.771739,0.627801
hierarchical_sgd_no_source_label,龙胆紫,117,1,116,116,0.9914529914529915,reported,0.353448,0.586207,0.672414,0.508125
